INSERT INTO roles (`id`,`name`) 
VALUES 
('1','admin'),
('2','user');
INSERT INTO users (`id`,`name`,`dob`,`address`,`email`,`gender`,`password`,`avatar`,`role_id`) 
VALUES
('1','admin','2001-01-01','Hà Nội','admin@gmail.com','Nam','$2y$10$mWW5xVe4AsRiPnQyiT8PyOmFpSIw4MvIHjflv.Po6RHVzyj4z.Hc2','','1'),
('2','Lê Trung Hiếu','2001-03-04','Hà Nội','admin1@gmail.com','Nam','$2y$10$mWW5xVe4AsRiPnQyiT8PyOmFpSIw4MvIHjflv.Po6RHVzyj4z.Hc2','','1'),
('3','user','2001-02-02','Hà Nội','user@gmail.com','Nữ','$2y$10$.zCw1RO2Kbz7TD1K8KTNsuJj3ct6uvkFu3I8BLufUF5CJBgUKn69.','','2');
INSERT INTO categories (`id`,`name`)
VALUES
('1','Nhà hàng'),
('2','Quán ăn'),
('3','Ăn Vặt'),
('4','Quán cà phê'),
('5','Di tích lịch sử'),
('6','Địa điểm check-in'),
('7','Homestay - Khách sạn');


INSERT INTO districts(`id`,`name`) 
VALUES 
('1','Quận Ba Đình'),
('2','Quận Bắc Từ Liêm'),
('3','Quận Cầu Giấy'),
('4','Quận Đống Đa'),
('5','Quận Hà Đông'),
('6','Quận Hai Bà Trưng'),
('7','Quận Hoàn Kiếm'),
('8','Quận Hoàng Mai'),
('9','Quận Long Biên'),
('10','Quận Nam Từ Liêm'),
('11','Quận Tây Hồ'),
('12','Quận Thanh Xuân');

INSERT INTO posts (`id`,`District_id`,`Name`,`Title`,`Content`,`User_id`,`Address`,`phone_Number`,`Link`,`Category_Id`,`Time`) 
VALUES
('1','2','Della Seta','Della Seta','Della Seta Pizza là một nhà hàng chuyên phục vụ các món Pizza và đồ nướng theo phong cách truyền thống có sự kết hợp, phối trộn hoàn hảo trong cách chế biến cùng gia vị đồ  u mang đến cho thực khách Hà Thành những trải nghiệm ẩm thực hấp dẫn từ hương vị cho đến cách thức trình bày. Không những thế, với không gian độc đáo cùng lối kiến trúc mang hơi hướng Châu  u cổ pha lẫn hiện đại, nơi đây không những là một địa điểm thưởng thức ẩm thực ngon mà còn là nơi để người Việt khám phá một Châu  u thu nhỏ giữa lòng Hà Nội.
Không gian tại Della Seta Hoàng Quốc Việt thực sự gây ấn tượng với thực khách bởi sự xuất hiện của khu vực nấu nướng độc đáo cùng hai lò nướng củi với thiết kế Châu Âu hiện đại. Đây chính là điểm nhấn khác biệt mà Della Seta Pizza hướng tới: đó là sử dụng phương pháp chế biến truyền thống, sử dụng củi để nướng ở công đoạn làm chín thức ăn.
Là một nhà hàng chuyên Pizza và món nướng, bởi vậy khi đến với Della Seta Hoàng Quốc Việt, thực khách sẽ được thỏa thích lựa chọn những hương vị yêu thích trong một thực đơn những món Pizza trứ danh cùng đầy đủ những loại nhân bánh như: Pizza hải sản với kem chua, Pizza cá hồi, Pizza bò với sốt thịt nướng, Pizza ba lớp đặc biệt, Pizza phô mai với mỳ macaroni, Pizza thịt nguội hay Pizza hoa quả,…
Ngoài Pizza, Della Seta Hoàng Quốc Việt cùng phục vụ những món nướng với hương vị đặc biệt kích thích tất cả các giác quan của thực khách. Đối với món Steak bò (bít tế bò), ngay từ những hương thơm kích thích khứu giác đầu tiên cho đến thính giác với âm thanh tí tách của thịt nướng trên vỉ than hoa đỏ hồng, đến thị giác với sự bài trí đẹp mắt,… rồi đến khi cầm dao cắt thớ thịt đầu tiên, nước thịt hồng hào ứa ra cùng nhát cắt ngọt ngào như chính xúc giác khi cảm nhận sự mềm mại của miếng thịt bò được chế biến khéo léo.','1','Biệt Thự TT4.5, KĐT Nam Cường, Ngõ 234 Hoàng Quốc Việt, Bắc Từ Liêm, Hà Nội','024 3637 4061','https://www.facebook.com/dellasetarestaurant/','1','10:00 AM – 10:00 PM'),
('2','2','Gyu–Kaku','Gyu–Kaku','Với hệ thống hơn 600 nhà hàng BBQ tại Nhật Bản và 10 quốc gia khác trên thế giới, Gyu–Kaku đến với Việt Nam, mang lại cơ hội trải nghiệm ẩm thực xứ Phù Tang chuẩn vị, hoàn hảo nhất. Phong cách chế biến món ăn đa dạng cùng sự tinh tế được chú trọng trong hương vị và màu sắc, nhà hàng là góc Nhật Bản thu nhỏ đầy ấn tượng giữa lòng Hà Thành mà chắc chắn bạn không thể bỏ qua.
Đến với Gyu-Kaku Vincom Bắc Từ Liêm, thực khách sẽ được trải nghiệm cả hai loại hình ẩm thực là buffet và gọi món với mức giá từ 150.000 đến 350.000 vnđ/người. Trong khi gọi món cho bạn cơ hội lựa chọn những món ăn theo ý thích cũng như cân bằng được giữa nhu cầu và túi tiền của mình thì tiệc buffet lại mở ra trải nghiệm không giới hạn đủ các món ăn ngon trong một mức giá cố định. Theo đuổi phong cách nướng Yakiniku, đến với Gyu-Kaku Japanese BBQ, bạn sẽ được thưởng thức một thực đơn không chỉ có các món nướng thơm ngon như Ba chỉ bò Mỹ; Sườn bò có xương; Tôm; Mực; Bạch tuộc; Sườn bò đế vương tuyệt hảo,... mà còn có đa dạng các món ăn hấp dẫn khác.
Gyu–Kaku được thiết kế theo phong cách Nhật Bản hiện đại. Nội thất bàn ghế gỗ bọc nệm mang màu nâu sang trọng đồng nhất với chủ đề và màu sắc tổng thể của nhà hàng. Bếp nướng được thiết kế âm bàn để tiện cho việc thực khách chủ động nướng thịt, hệ thống hút mùi hiện đại giúp không gian của Gyu–Kaku hoàn toàn không bị mùi khói. Với sức chứa 108 khách, nhà hàng được thiết kế gồm nhiều khu vực riêng biệt, yên tĩnh thích hợp cho những cặp đôi hẹn hò, những bữa tiệc sum họp gia đình, gặp gỡ bạn bè,…','1','Vincom Bắc 234 Phạm Văn Đồng, Cổ Nhuế, Bắc Từ Liêm, Hà Nội','024 7300 9991','https://www.facebook.com/gyukakuhanoi/','1', '10:00 AM – 9:00 PM'),
('3','2','Hà Nam Quán','Hà Nam Quán','Ẩm thực Thủ Đô ngàn năm văn hiến mang trong mình nét thanh nhã và phong vị đậm đà khác biệt. Nhắc đến ẩm thực đất Kinh kỳ, người ta dễ dàng nêu ra những món ăn vốn đã quá quen thuộc: phở, bún chả, bún thang, bánh cuốn, … Một trong số đó không thể không kể đến cái tên Hà Nam Quán!
Muốn cảm nhận hết vị ngon của Hà Nam Quán, thực khách nhất định phải dùng nóng. Vì thế, khi dùng món ăn đặc biệt này, người ta bắc nguyên một chiếc chảo nhỏ, đặt lên bếp lửa để vừa đun vừa ăn. Khi ăn theo cách này, thực khách sẽ cảm nhận vị ngọt của thịt cá dưới nước sốt đang sôi, quyện thêm các nhánh thì là, hành hoa thơm lừng. Ăn kèm chả cá của nhà hàng cũng là bún rối, rắc thêm lạc rang, húng, chấm thêm mắm tôm là chuẩn vị và ngon nhất. Ngoài ra, thực khách đến đây đừng quên thử qua những biến tấu đa dạng từ cá lăng như nem cá lăng, lẩu cá lăng, cá lăng om chuối đậu, cá lăng nướng, nộm cá lăng xoài Thái,...','1','Biệt thự 50, TT4, Đường số 1, Khu ĐT Thành Phố Giao Lưu, Phạm Văn Đồng, Cổ Nhuế 1, Bắc Từ Liêm, Hà Nội','0989 380 258','https://www.facebook.com/chimtroithurunghaisan/','2','10:00 AM – 10:00 PM'),
('4','2','Nhà hàng chim Đại Ngân','Nhà hàng chim Đại Ngân','Nhà hàng này có diện tích lớn, gồm 3 tầng để phục vụ khách hàng và có tầm nhìn rất rõ trời. Décor được thiết kế theo phong cách thuần Việt sẽ mang đến cho bạn không gian mộc mạc, gần gũi khi thưởng thức những món ăn ngon tại đây.
Nhà hàng chuyên biệt món ăn ngon ở huyện Bắc Từ Liêm Về các món ăn của chim như chim sẻ, chim ngói, vẫy, bồ câu, cò, chim theo mùa, … được lấy từ Tây Bắc. Ngoài ra, nhà hàng còn phục vụ các món cá, tảo gà đông lạnh.','1','Khu đô thị Giao Lưu,234, Phạm Văn Đồng, Bắc Từ Liêm','098 917 22 88','https://www.facebook.com/NhaHangChimDaiNgan/','2','10:00 AM – 10:00 PM'),
('5','2','Zin – Bánh Mì Thịt Nướng','Zin – Bánh Mì Thịt Nướng','Zin - Bánh Mì Thịt Nướng, bánh mỳ tại đây cực ăn ngon miệng, giá cả phải chăng, phục vụ nhiệt tình. Thịt nướng được tẩm ướp có hương vị thơm ngon đặc trưng và được nướng trên giàn nướng gas không độc hại. Bánh được làm nóng giòn bằng bếp nướng kẹp ngay trước khi ăn. Ngoài ra, Zin - Bánh Mì Thịt Nướng còn phục vụ thêm sữa ngô và sữa đậu nành đóng bằng chai sử dụng một lần đảm bảo vệ sinh. Giá cả tại quán giao động từ 10.000 - 20.000 VNĐ/ 1 chiếc bánh.
Điểm công tiếp theo, quán có thời gian phục vụ khách khá nhanh nên khách không phải chờ lâu, bánh mỳ được gói trong giấy thực phẩm an toàn cho khách mang đi, nên cực kỳ tiện dụng và bảo vệ môi trường. Bạn hãy một lần đến đây để thưởng thức món bánh mỳ tại đây nhé.','1','24 Ngõ 643/1 Phạm Văn Đồng, Quận Bắc Từ Liêm, Hà Nội','0983 737 332','https://www.foody.vn/ha-noi/zin-banh-mi-thit-nuong','3','5:00 AM – 9:00 PM'),
('6','2','Kimbapken','Kimbapken','Kimbapken là một địa điểm ăn vặt không thể không thử tại phố Nhổn, Bắc Từ Liêm. Tại đây có rất nhiều loại kimbap đa dạng, nhiều loại nhân phong phú và giá cả rất hợp lý. Mỗi khi bạn gọi kimbap, bạn sẽ được 2 món ăn kèm đó là kim chi và củ cải ngâm. Ngoài ra, Kimbap Jung còn phục vụ rất nhiều món ăn tiêu biểu của xứ Kim Chi như mì lạnh, canh đậu tương, tokbokki,..
Bên cạnh menu phong phú, đồ ăn ngon thì các nhân viên của quán cũng phục vụ tận tình, chu đáo và sẵn sàng hỗ trợ khách hàng khi họ có nhu cầu. Ngoài ra, giá thành ở đây cũng khá phù hợp với tất cả mọi người. Hơn nữa ở đây còn có dịch vụ ship đồ ăn, nếu như bạn không đến cửa hàng được bạn có thể gọi ship của quán mang đến bạn nhà. Còn chần chừ gì nữa nhanh chân tới đây để thưởng thức các món Hàn tuyết cú mèo thôi nào.','1','83 Phú Diễn, Bắc Từ Liêm, Hà Nội','0392 967 819','https://www.facebook.com/kimbapcaudien/','3','5:00 AM – 9:00 PM'),
('7','2','Tom’s Coffee House','Tom’s Coffee House','Tom’s Coffee House từ trước đến nay luôn là một địa điểm hot trên mạng xã hội Instagram, thu hút rất nhiều du khách ghé thăm và chụp ảnh. Nằm ẩn mình bên trong khu phố sầm uất nhộn nhịp, nếu không để ý, nhiều người đi qua Tom’s Coffee House mà còn không biết họ đã bỏ qua một quán cafe nhỏ nhắn xinh đẹp.
Tại đây, bạn có thể chụp ảnh ở mọi góc của quán, vì góc nào cũng rất tình, rất đẹp. Nếu không, bạn có thể gọi một món đồ uống, nhâm nhi trong lúc đọc một quyển sách hay, giống như một cách refresh lại tâm hồn sau những ngày làm việc và học tập căng thẳng. Đồ uống của quán có mức giá cao hơn so với mặt bằng chung, nhưng với một quán cafe có mặt bằng đẹp, trang trí lộng lẫy như vậy thì mức giá này cũng là một điều dễ hiểu.','1','15 phố Viên, Bắc Từ Liêm','0915 558 663','https://www.facebook.com/toms.coffee.house/','4','8:00 AM – 11:00 PM'),
('8','2','Style City Coffee','Style City Coffee','Style City coffee là quán cà phê xinh lung linh, sống động, chỉ cần tìm thấy Style City coffee thì từ nay trở về sau chúng ta không cần tìm một góc nào khách cho việc trú ngụ hay check in của mình. "Quán view đẹp, nhẹ nhàng, nhạc hay, nhân viên thân thiện, thức uống thức ăn đa dạng, tách cà phê rất vừa vị, không khí yên tĩnh thích hợp cho các cặp đôi, bạn bè ngồi nói chuyện với nhau" đấy chính là mẫu review tận tâm và rất chi tiết của khách hàng dành cho Style City coffee.
Style City coffee là không gian của cà phê và bánh ngọt, cà phê ngon, bánh ngọt cũng ngon lại còn rất đẹp nên chúng ta có thể uống cà phê khi bụng rỗng nhé bởi đã có một danh sách các loại bánh hấp dẫn cùng với các món ăn mặn ngon miễm chê dành cho mình. Có ai như Style City coffee chỉ nhận mỗi lời khen của khách hàng, ai cũng yêu Style City coffee vậy là Style City coffee đã rất thành công trong công cuộc chinh phục khách hàng.','1','Tầng 1 B7 Green stars, Khu Đô Thị An Bình, Cổ Nhuế, Bắc Từ Liêm, Hà Nội','0915 341 103','https://www.facebook.com/StyleCityCoffee/','4','6:00 AM – 11:00 PM'),
('9','2','Đình Chèm','Đình Chèm','Đình Chèm là đình của làng Chèm (Thủy Phương), phường Thụy Phương, quận Bắc Từ Liêm, Hà Nội (nay là phường Thụy Phương, quận Bắc Từ Liêm, Hà Nội). Đây là một công trình kiến trúc có nghệ thuật chạm khắc độc đáo. Đình thờ Thượng đẳng Thiên vương Lý Ông Trọng (Lý Thân hay Đức Thánh Chèm), một nhân vật huyền thoại và Hoàng phi Bạch Tĩnh Cung sống vào thời An Dương Vương. Đình Chèm là một trong những ngôi đình được coi là cổ nhất nước Nam. Từ ngàn năm nay, đình Chèm vẫn là nơi thờ cúng tín ngưỡng của người dân ba làng: làng Hoàng, làng Mạc - (Liên Mạc) và làng Chèm - Thụy Phương, Từ Liêm, Hà Nội.
Lý Thân (Đức Thánh Chèm) sinh vào thời Hùng Duệ Vương, mất vào thời Thục An Dương Vương. Thuở nhỏ ông là một cậu bé cực kỳ khôi ngô, có tầm vóc cao lớn lạ thường. Lớn lên, Lý Thân văn giỏi, võ tài, tính tình hiếu nghĩa, cương trực. Thời bấy giờ có giặc Ai Lao, Chiêm Thành và phía Bắc thường hay quấy nhiễu biên thùy. Nhà vua xuống chiếu cầu người tài đức ra dẹp giặc cứu nước. Phủ Quốc Oai bèn tiến cử Lý Thân. Ông lĩnh ý đi dẹp tan giặc, lập được nhiều công lớn. Cuối đời vua Duệ Vương, đất nước Văn Lang bị quân Tần xâm lược, ông hợp với Thục Phán cùng quân dân lạc Việt chống giặc hàng chục năm trời. Cuối cùng giặc phải quay đầu bỏ chạy, Thục Phán lên làm vua lấy hiệu là An Dương Vương. Lúc bấy giờ khi nhà Tần bị giặc Hung Nô quấy phá. Tần Thủy Hoàng đắp Vạn Lý Trường Thành mà không ngăn chống nổi bèn sai sứ sang cầu An Dương Vương cho tướng tài sang giúp. Triều đình nhà Thục bèn cử Lý Thân sang giúp nhà Tần để tạo mối bang giao giữa hai nước. Tần Thủy Hoàng thử tài thấy văn đạt "Hiếu Liêm" (tiến sĩ), võ đạt "Hiệu úy" (Tổng chỉ huy) bèn phong ông làm tư lệnh Hiệu úy và nhờ Ông đi dẹp giặc Hung Nô, cho xuất 10 vạn quân trấn ải Hàm Dương. Thắng trận trở về, vua Tần phong ông chức Phụ Tín Hầu và gả công chúa cho. Vua Tần cũng ngỏ ý muốn giữ ông ở lại nước Tần nhưng ông đã từ bỏ vinh hoa phú quý, đem theo vợ con trở về quê hương. Về nước, ông được vua Thục An Dương Vương phong tước Đại Vương.
Để tưởng nhớ công đức của Đại Vương, dân làng lập đền thờ ông tại Đình Chèm','1','Phường Thụy Phương, quận Bắc Từ Liêm',null,null,'5','6:30 AM – 10:00 PM'),
('10','2','Miếu Đồng Cổ','Miếu Đồng Cổ','Miếu Đồng Cổ thờ thần núi Đồng Cổ (Trống Đồng), địa chỉ ở ngõ 136 đường Cầu Diễn, phường Minh Khai, quận Bắc Từ Liêm, Hà Nội.’,’Truyền thuyết và sử sách cho biết Nguyên Xá là vùng có dân tụ cư lâu đời. Tại đây vào thập kỷ 1970, các nhà khảo cổ học đã phát hiện và khai quật di tích Ngoạ Long – một trong số ít những di tích ở khu vực Hà Nội thuộc nền văn hoá Phùng Nguyên có niên đại cách nay khoảng 4000 năm. Với vị trí ở cửa ngõ phía tây kinh thành Thăng Long trong thời phong kiến, Nguyên Xá là nơi diễn ra những sự kiện quan trọng. Thôn cũng từng được triều đình ban tặng 4 chữ “Thuần phong mỹ tục”, một minh chứng về truyền thống lịch sử và văn hóa ổn định của cộng đồng…
Vị thần được thờ trong miếu gọi theo sắc phong là “Đương Cảnh thành hoàng Giám thệ vương Đồng Cổ sơn thần”. Truyền thuyết dân gian cho biết: vào thời xưa, các tráng sĩ Đan Nê (Yên Định, Thanh Hoá) trên đường ra Hát Môn (Phúc Thọ, Hà Nội) tụ nghĩa dưới cờ của Hai Bà Trưng đã mang theo bài vị thành hoàng của địa phương mình tức thần núi Đồng Cổ. Khi qua Nguyên Xá thấy có không gian uy nghiêm, trang trọng, họ đã lập miếu thờ bái vọng.
Miếu Đồng Cổ được xây ở đầu làng Nguyên Xá trên thế đất quy xà với gò cao ở giữa, xung quanh có dòng nước uốn lượn. Di tích nay còn lại mang phong cách nghệ thuật kiến trúc thời Nguyễn. Tam quan xây kiểu tứ trụ nhìn ra hướng đông-nam, bên phải là đường quốc lộ QL32 chạy thẳng về trung tâm thủ đô Hà Nội.
Sau tam quan là tượng đôi voi quỳ chân trước, cùng rập đầu ở hai bên bức bình phong đắp cuốn thư. Có hai chiếc cầu cong nho nhỏ bắc qua ao sen, dẫn vào một sân gạch khá rộng. Toà tiền tế gồm 5 gian lớn, thềm đá cao 5 bậc. Hậu cung kết nối với toà tiền tế thành hình chữ “Đinh”. Nhờ lần trùng tu mới đây, những công trình đó cùng cả khu vườn và các nhà khác đã làm nên một cụm di tích khang trang.
Ngày-1989 miếu Đồng Cổ ở Nguyên Xá được xếp hạng Di tích lịch sử quốc gia.','1','ngõ 136, đường Cầu Diễn, phường Minh Khai,quận Bắc Từ Liêm',null,null, '5', '6:30 AM – 10:00 PM'),
('11','2','Công viên Hòa Bình','Công viên Hòa Bình','Công Viên Hòa Bình Hà Nội nằm ở Đường Phạm Văn Đồng – Phường Xuân Đỉnh – Quận Bắc Từ Liêm – TP Hà Nội, được xây dụng theo mô phỏng của Công Viên Hòa Bình Nagasaki. Các bạn không cần phải đi đâu xa mà ngay tại đây cũng là địa điểm rất tốt để chụp ảnh, thứ nhất nó rất rộng rãi, thứ 2 nó không mất phí, thứ 3 là phong cảnh phù hợp hầu hết với những tấm hình đẹp, tại đây tôi gặp khá nhiều các bạn trẻ mang máy ảnh chuyên nghiệp có, nghiệp dư có, điện thoại có đến chụp lưu lại cảnh đẹp. Thỉnh thoảng có những cặp đôi cô dâu chú rể đến chụp ảnh cưới tại đây cũng khá nhiều.','1','đường Phạm Văn Đồng, phường Xuân Đỉnh, quận Bắc Từ Liêm',null,null,'6','6:30 AM – 8:00 PM'),
('12','2','Khu sinh thái vườn Quả Từ Liêm','Khu sinh thái vườn Quả Từ Liêm','Chỉ cách trung tâm Hà Nội 15 phút đi xe máy, khu du lịch Từ Liêm không chỉ là điểm đến yêu thích của người dân thủ đô mà còn của du khách trong và ngoài nước. Tới đây, du khách sẽ được đắm mình trong thiên nhiên thoáng đãng, trong lành với vườn bưởi, vườn khế, vườn vải, cây cảnh, ao cá… cách biệt với đô thị đầy khói bụi, ồn ào. Những ngôi nhà mái nhỏ lợp lá, cửa rả, giường tủ đều bằng tre, tường để nguyên gạch miết mạch mà không trát, nằm lọt thỏm giữa vườn quả um tùm, với một vuông sân gạch nhỏ sau nhà làm nơi thư giãn. Không có tiếng còi, không có tiếng xe. Ngoài ra, du khách còn được tham gia vào các trò chơi giải trí như bi-a, bóng bàn, bắn cung, cắm trại… và những trò chơi dân gian nổi tiếng, những trò chơi mạo hiểm nhưng rất thú vị, thu hút sự tò mò và thích thú của nhiều bạn trẻ. Và điều đặc biệt là với không gian rộng lớn, nơi này sẽ là địa điểm lý tưởng để tổ chức các trò chơi teambuilding, tổ chức sự kiện với sức chứa lên đến 1000 người. Đến với khu du lịch sinh thái vườn quả Từ Liêm, du khách còn được thưởng thức các món ăn độc đáo, đặc sản núi rừng do chính các đầu bếp hàng đầu Việt Nam thực hiện. Chắc chắn nơi này sẽ mang đến cho bạn những giây phút nghỉ ngơi nhẹ nhàng trong khung cảnh thiên nhiên thanh bình, đắm say.','1','132 đường Văn Tiến Dũng, Bắc Từ Liêm',null,null,'6','6:30 AM – 8:00 PM'),
('13','2','Khách sạn JW Marriott Hà Nội','Khách sạn JW Marriott Hà Nội','Khách sạn JW Marriott Hà Nội do Tập đoàn Marriott International (Mỹ) quản lý, với số vốn đầu tư lên tới 250 triệu USD và là một trong những khách sạn 5 sao có kiến trúc độc đáo nhất ở châu Á. Khách sạn này được xây dựng trên diện tích rộng lớn 78.727 m2, do kiến trúc sư người Mỹ Carlos Zapata và cũng là người thiết kế Bitexco ở Sài Gòn. JW Marriott Hà Nội cũng nằm trong top khách sạn 5 sao ở Hà Nội có quy mô lớn, với 9 tầng và 450 phòng. Chủ đầu từ khách sạn JW Marriott là doanh nhân gốc Thái Bình, ông Vũ Quang Hội. Khách sạn JW Marriott Hà Nội là điểm đến hấp dẫn những lãnh tụ nổi tiếng trên thế giới khi tới Việt Nam làm việc. Từng vinh dự đón tiếp cực Tổng thống Mỹ Obama, Tổng thống Mỹ Donald Trump và Chủ tịch Trung Quốc Tập Cận Bình.
JW Marriott Hà Nội là một trong những khách sạn xịn xò nhất Hà Nội mà nếu có cơ hội, bạn nêu trải nghiệm','1','Số 8 Đỗ Đức Dục, Nam, Mễ Trì, Nam Từ Liêm, Hà Nội','024 3833 5588','http://jwmarriotthanoi.com','7','12:00 AM – 12:00 AM'),
('14','2','Khách sạn Marina Hà Nội','Khách sạn Marina Hà Nội','Tọa lạc tại vị trí đắc địa đó là đối diện với khách sạn JW Marriott Hà Nội và cách cách Trung Tâm Hội Nghị Quốc Gia 300m là nút giao của Quận Từ Liêm, Quận Cầu Giấy, Mỹ Đình, Trung Hòa Nhân Chính, gần khu vực trung tâm hành chính mới của thủ đô Hà Nội. Marina Hotel Hanoi – Khách sạn Hàn Quốc đạt chuẩn 3 sao với lối kiến trúc hiện đại tinh tế, phòng ở theo chất lượng Châu Âu, nội thất Hàn Quốc sang trọng, tầm nhìn bao quát thành phố với 100% phòng sở hữu ban công rộng đón gió và những ô cửa kính lớn đón ánh sáng tự nhiên, ngập tràn cây xanh, view hướng tầm nhìn thẳng tới JW Marriott, Trung Tâm Hội Nghị Quốc Gia, Cung Triển Lãm Quốc Gia, Keangnam Landmark Tower. Marina Hotel là khách sạn 3 sao nhưng chất lượng dịch vụ 4 sao như có Phòng Họp, Gym, Massage và ẩm thực là các món ăn của Hàn,Việt, các món Âu phù hợp cho mọi khách khi đến nghỉ dưỡng ở khách sạn tại Hà Nội. Marina Hotel – khách sạn Hàn Quốc luôn được khách hàng lựa chọn cho những chuyến du lịch và công tác dài ngày tại Hà Nội. Do khách sạn ở khu vực Mỹ Đình nên quý khách hàng tham gia giao thông thuận tiện. 
Từ khách sạn, quý khách chỉ cần mất 30 phút để tới sân bay Quốc Tế Nội Bài, nhanh chóng tiến thẳng vào trung tâm Thủ Đô Hà Nội trên trục đường chính, rộng rãi, khang trang bậc nhất Hà Nội, được coi là một trong những con đường biểu tượng của Thủ Đô. Ngay gần khách sạn là trung tâm hội nghị Quốc Gia, cung triển lãm Quốc Gia, bảo tàng Quốc Gia Hà Nội, Đại Sứ Quán Hàn Quốc, sân vận động quốc gia Mỹ Đình và Trường đua xe công thức một (Giải đua xe F1), cùng với đó là chuỗi các ngân hàng lớn Việt Nam, những trung tâm thương mại và trung tâm hành chính nổi tiếng như tòa nhà Keangnam Landmark 72, Grand Plaza, Charmvit Tower… Từ Marina Hotel, các bạn có thể nhanh chóng tới hội nghị, hội họp, công tác tại các khách sạn 5 sao gần khách sạn của chúng tôi như InterContinental Hanoi Landmark 72, JW Marriott Hotel Hanoi, Grand Plaza Hanoi Hotel…
Với gần 50 phòng nghỉ cao cấp sang trọng, nội thất quý phái, đầy đủ tiện nghi cùng không gian ấm áp, yên tĩnh. Marina là một khoảng lặng tinh tế giữa lòng đô thị sầm uất, tấp nập là chốn dừng chân, nghỉ ngơi lý tưởng cho khách du lịch và công tác dài ngày tại Hà Nội.','1','22 Miếu Đầm, Mễ Trì, Nam Từ Liêm, Hà Nội','024 3938 8999','https://marinahanoihotel.vn/','7','12:00 AM – 12:00 PM'),
('15','4','Nhà Hàng Daruma','Nhà Hàng Daruma','Durama là một nhà hàng Nhật Bản ở quận Đống Đa. Nhà hàng này tái hiện một cách trọn vẹn nhất văn hoá ẩm thực của đất nước hoa anh đào, thể hiện ở hương vị của món ăn và không gian. Nhưng lại với một mức giá mềm dành cho các bạn trẻ sành ăn. với menu các Set cơm giá chỉ từ 59.000đ, các món Sushi giá chỉ từ 69.000đ, các set món chuẩn Nhật chỉ từ 109.000đ, và Buffet lẩu Nhật thỏa thích không giới hạn hơn 30 vị nhúng lẩu chỉ từ 219.000đ/Người.Tụ tập bạn bè thường gặp một vấn đề vô cùng “nan giải” đó là Ăn gì cho vừa lòng mọi người? Người thích ăn lẩu, người thích ăn nướng, người lại chỉ khăng khăng chọn các món hải sản. Vậy, để chiều lòng tất cả hãy chọn một quán ăn nhanh kiểu Nhật có tất cả các món trên. Daruma Giảng Võ được rất nhiều bạn yêu thích có menu cực kỳ đa dạng. Có các món hải sản với Cá Sanma nướng muối, cá Sugi sốt Teriyaki, mì Ramen hải sản, các món xiên nướng, các món ăn chơi như khoai tây chiên sốt Miso, khoai lang chiên kiểu Nhật cho tới Buffet lẩu,…','1','Daruma Vincom Nguyễn Chí Thanh - Tầng 5, TTTM Vincom 54 Nguyễn Chí Thanh, Láng Thượng, Đống Đa, Hà Nội','0247 300 7331','https://www.facebook.com/Daruma.QuanAnNhatBan/','1','8:00 AM - 11:00 PM'),
('16','4','Quán vịt 29','Quán vịt 29','Một trong những địa điểm không thể bỏ lỡ khi thưởng thức ẩm thực tại Đống Đa chính là quán Vịt 29. Chủ quán ở đây đã không ngại đường xá xa xôi để sang tận Trung Quốc học hỏi về món vịt quay Bắc Kinh nổi tiếng. Chính vì vậy, nếu bạn muốn tìm một quán vịt Bắc Kinh chính gốc phong cách Trung Hoa thì không thể nào bỏ lỡ quán vịt ngon này.Không gian quán rộng rãi và mang phong cách Trung Hoa tạo cảm giác xưa cũ, nên thích hợp cho gia đình hoặc là những nhóm đông người. Tuy nhiên, khu vực để xe hơi nhỏ nên bạn nào di chuyển theo nhóm thì nên tìm chỗ gửi xe trước khi vào quán.Thực đơn tại đây bao gồm các món ăn được chế biến từ vịt như: vịt quay Bắc Kinh, vịt rút xương áp chảo, lạp xưởng vịt và một số món ăn ngoài khác như nem truyền thống, nem tươi, nem hải sản, các món hải sản và lẩu.Bởi vì quán hơi đông cho nên các bạn hãy chịu khó chờ trong thời gian gọi món. Tuy nhiên chỉ cần bạn ăn một một lần thì sẽ cảm thấy được chất lượng của món ăn cực kỳ tuyệt vời. Nổi bật nhất vẫn phải kể đến vịt quay Bắc Kinh cùng với các món ăn kèm khác như là lẩu vịt và vịt xào rau húng quế.','1','44 Thái Hà - Đống Đa - Hà Nội','0978 000 059','https://www.facebook.com/VIT2944THAI/','2','10:00 AM - 10:00 PM'),
('17','4','Lofita Tea & Coffee','Lofita Tea & Coffee','Lofita - Love Station nằm ở địa chỉ 36 Hào Nam, Đống Đa, Hà Nội đối diện với trường Học viện âm nhạc Quốc gia. Lofita Hào Nam điểm đến phù hợp với nhóm bạn trẻ, những cặp đôi yêu nhau, yêu thích cái đẹp, sự lãng mạn, cùng "chill" theo điệu nhạc với sự hòa quyện của ánh đèn vàng dịu nhẹ khiến không gian trở nên thân mật, gần gũi bên những ly trà hoa quả nhiệt đới mát lạnh thì còn gì bằng.Không gian cực xinh với gam màu cam - nâu trendy cùng với kết hợp cây cối xanh mát mang lại cảm giác ấm cúng và thoáng mát. Đặc biệt là có không gian riêng các bạn muốn đến quán thưởng thức ly cafe đọc sách một cuốn sách mình thích nghe những bản nhạc piano nhẹ nhàng. Nếu bạn là tín đồ của những bộ ảnh “chất lừ” hoặc yêu thích phong cổ điển, vintage không nên bỏ qua Lofita Hào Nam.Về menu quán cực kỳ thu hút bởi đồ uống đa dạng có nhiều loại dòng cafe truyền thống, cafe máy, đồ uống healthy, trà hoa quả nhiệt đới mát lạnh hay những set trà kiểu Anh ăn kèm với bánh cookie giòn tan. Nơi đây chắc chắn sẽ không làm bạn phải thất vọng dù chỉ một lần.','1','36 Hào Nam, Chợ Dừa, Đống Đa, Hà Nội','1800 65 03','https://www.facebook.com/lofitateaandcoffee','4','8:00 AM - 11:00 PM'),
('18','4','Ga Cát Linh – Hà Đông','Ga Cát Linh – Hà Đông','Ga Cát Linh – Hà Đông được đưa vào hoạt động từ tháng 11/2021 đến nay đã trở thành một trong những địa điểm hot nhất Hà Nội dịp cuối năm. Tips nhỏ là nên lựa chọn trang phục thoải mái, dễ di chuyển, nên đi giờ trưa, ít khách để có nhiều không gian check in hơn.','1','192 Hào Nam, Chợ Dừa, Đống Đa, Hà Nội',NULL,NULL,'6',NULL),
('19','4','Pullman Hanoi','Pullman Hanoi','Pullman Hanoi nằm dọc Phố Cát Linh ở Hà Nội, trong bán kính chưa đến 1 km từ Chùa Một Cột và 10 phút lái xe từ Khu Phố Cổ. Khách sạn có truy cập Wi-Fi miễn phí, hồ bơi ngoài trời, nhà hàng và quầy bar tại sảnh đợi.Các phòng nghỉ máy lạnh tại đây được trang bị truyền hình cáp, két an toàn cá nhân và máy pha trà/cà phê. Phòng tắm riêng đi kèm tiện nghi vòi sen nước nóng.Khách sạn cung cấp dịch vụ phòng suốt 24 giờ. Ngoài ra còn có các tiện nghi khác như trung tâm thể dục, phòng xông hơi khô và phòng xông hơi ướt mới được tân trang lại.La Cheminée Restaurant cung cấp dịch vụ ăn uống cả ngày và phục vụ ẩm thực quốc tế. Quý khách có thể thưởng thức đồ uống tại quầy Mint Bar ở sảnh đợi.Sân bay Quốc tế Nội Bài cách đó khoảng 40 km.','1','40 Cat Linh Street (Entrance 61 Giang Vo Street), Quận Đống Đa, Hà Nội','024 3733 0688','https://www.facebook.com/PullmanHanoi/','7','12:00 AM - 12:00 AM'),
('20','4','Chùa Linh Quang','Chùa Linh Quang','Chùa Linh Quang được xây dựng ở đầu làng Công Đình, xã Đình Xuyên. Công Đình xưa vốn là vùng đất cổ có sông Thiên Đức từ dòng nhánh của sông Nhị Hà chảy qua. Hiện nay trong chùa còn lưu giữ được một tấm bia có niên hiệu Cảnh Hưng 7 (1746) triều Lê có đề “…Từng nghe Phật là đấng chí linh tối huyền tối diệu…con người ta trưởng thành vốn nhờ cửa phật mà sinh tộc lớn, phúc ẩm tiền nhân…”. Chùa có lịch sử xây dựng từ khá sớm. Căn cứ vào tấm bia sớm nhất của chùa có niên hiệu Cảnh Hưng thứ 7 (1746) và tấm sắc phong cho thần Cây Gạo Đại Vương có niên hiệu Cảnh Hưng thứ nhất (1740) có thể khẳng định được rằng chùa Linh Quang được xây dựng vào thời Lê. Chùa quay hướng Tây, kết cấu theo hình chữ đinh, gồm tiền đường và thượng điện. Bao quanh chùa là sân và vườn với nhiều cây cảnh, cây thông nhỏ cùng với các nếp nhà ngang dọc như nhà tổ, nhà mẫu. Chùa chính được xây dựng trên một nền cao, mái lợp ngói ta, giữa bờ nóc đắp một bức đại tự đề ba chữ “Linh Quang Tự”. Hiện chùa còn lưu giữ được nhiều pho tượng quý. Chùa Linh Quang được Bộ Văn hoá Thông tin và Thể thao ra quyết định xếp hạng di tích Kiến trúc Nghệ thuật năm 1992.','1','1 Ngõ Văn Chương 2, Văn Chương, Đống Đa, Hà Nội',NULL,'https://vi.wikipedia.org/wiki/Ch%C3%B9a_Linh_Quang','5',NULL),
('21','4','Soya Garden','Soya Garden','Sáng dậy thật sớm, alo ngay cho tụi bạn súng xính quần áo để cùng nhau đi đến quán để thỏa cái cơn thèm thuồng vị thơm thơm ngậy ngậy của tào phớ, và nhớ cái thời gian nghiện chân châu dai dai sần sật. Đến đây bạn nên uống 1 nước đậu vị original và 1 vị matcha. Ôi uống ngon lắm các bạn ạ, nước đậu mát lành thơm ơi là thơm, thêm vị Matcha vào vẫn cực thơm và mát nhé. Uống kèm trân châu đúng là best của best luôn, cảm giác refresh giữa ngày hè nóng nực','1','Số 150B Ô Chợ Dừa, Đống Đa','0936 396 303','https://www.facebook.com/soyagardenvn/','3','8:00 AM - 11:00 PM'),
('22','5','Nhà hàng Hoàng Bèo','Nhà hàng Hoàng Bèo','Nhà hàng Hoàng Bèo là một trong những nhà hàng đưa món bánh cuốn truyền thống thịt ra ngoài Hà Nội. Với món ăn đặc trưng bánh cuốn thịt, lớp bánh tráng ngon, mềm và độ dai vừa phải. Khi ăn bạn có thể ăn kèm với rau sống và nước chấm có độ chua, cay ngọt,… Bên cạnh đó, menu của quán còn gồm các món bò nhúng dấm, mỳ quảng ếch, thịt dê hấp…','1','45LK6A Nguyễn Văn Lộc, Phường Mộ Lao, Hà Đông','0246 25 32 606','https://www.hoangbeo.com/', '1','6:30 AM – 10:00 PM'),
('23','5','Nhà hàng Mâm Việt','Nhà hàng Mâm Việt','Nhà hàng Mâm Việt – một trong những nhà hàng ở quận Hà Đông được yêu thích nhất. Phục vụ khách hàng đủ 3 bữa với các món ăn đặc sản mang đậm hương vị Việt. Đó là các món hải sản, thịt lợn, mán, thịt thú rừng, các loại rau củ… Bên cạnh đó, bạn còn có cơ hội thưởng thức các món mang phong cách châu Âu, Á nổi tiếng khác…', '1','58 Đường 19/5, Phường Văn Quán, Hà Đông','0947 145 656','https://www.facebook.com/mamviet2016/', '1', '10:00 AM -  23:00 PM'),
('24','5','Chim quay Văn Quán','Chim quay Văn Quán','Quán nổi tiếng khu vực Hà Đông với món chim quay. Ngoài ra, nem nướng và bánh bao cũng được các bạn trẻ vô cùng yêu thích khi ghé thăm quán','1','Văn Quán Soccer field, 19/5 Road, Hà Đông District', '0904 159 595',null, '2', '5:00 PM – 12PM'),
('25','5','Phở Bảo Ngọc','Phở Bảo Ngọc','Quán nổi tiếng với phở gà, các loại cơm đảo gà. Thịt gà vô cùng đậm đà, ngon với giá cả vô cùng phải chăng','1','No 19 Nguyễn Khuyến,Phường Văn Quán, Hà Đông District','0986 882 212',null,'2','5:00 AM – 12:00 AM'),
('26','5','Ốc Ngọc Loan','Ốc Ngọc Loan','Nói đến các món ăn vặt ngon chắc chắn không thể kể thiếu ốc. Ốc là món ăn khoái khẩu được nhiều bạn trẻ yêu thích trong những buổi tụ tập cùng nhau. Ở khu vực Hà Đông, quán ốc nổi tiếng nhất và được các bạn trẻ vô cùng yêu thích là ốc Ngọc Loan nằm tại số 34 Lê Lai. Quán lúc nào cũng đông nghịt khách, Ốc ở đây vô cùng tươi ngon, ngọt giòn, béo ngậy, khiến thực khách vô cùng mê mẩn. Đừng quên đến ốc Ngọc Loan để thưởng thức món ăn vặt vô cùng hấp dẫn này nhé !', '1','26 Lê Lai, Hà Đông','0358 091 202',null,'3','8:00 AM – 5:00 PM'),
('27','5','Cháo hến cô Phúc','Cháo hến cô Phúc','Chỉ cần nghe thấy hai từ ‘cháo hến’ thôi là bạn đã cảm thấy đói cồn cào rồi phải không nào. Cháo được ninh nhiều tiếng liền trên bếp đến khi hạt gạo mềm nhừ. Hến được xào cùng hành và rau răm thơm lừng. Chỉ cần cho một miếng vào miệng thôi là bạn đã có thể cảm nhận được sự sánh min, đậm đà của món cháo hến trứ danh của cô Phúc ^^', '1','28 Hoàng Hoa Thám, Hà Đông',null,null,'3','8:00 AM – 5:00 PM'),
('28','5','Nhà trong ngõ','Nhà trong ngõ','Đúng như cái tên, quán cafe nằm gọn trong một con ngõ nhỏ Nguyễn Khuyến, Hà Đông. Dù chỉ có 1 tầng nhưng quán khá nhiều gian. Những ngày mát trời ngồi ngoài hiên nhà thì cực “chill”. Quán được thiết kế khá đơn giản, bàn ghế khá nhỏ và thấp nên phù hợp để tụ tập với bạn bè hơn là học bài hay làm việc. Menu của quán chỉ có 2 loại chính là trà và cà phê. Đặc biệt là giá đồ uống chỉ từ 20k – 30k, quá rẻ đúng không nào?', '1','76 ngõ 23 Nguyễn Khuyến, Hà Đông','0838 286 226','https://www.facebook.com/nhatrongngo.newversion', '4', '8:00 AM – 11:00 PM'),
('29','5','Quán của Minh','Quán của Minh','Quán của Minh mang lối thiết kế đẹp đến mê mẩn. Nếu muốn checkin cả nghìn bức ảnh đẹp, hãy rủ đứa bạn thân tới đây ngay nhé. Từng góc một đều được bài trí vô cùng tối giản mà tinh tế, không rườm rà nhưng vẫn ấn tượng. Bước vào quán, không gian khá rộng, sâu vào bên trong. Tầng 2 còn có một giá sách to bự cho team “mọt sách”. Ở đây bàn to nhỏ cao thấp đủ cả, phù hợp cho việc học nhóm hay ngồi một mình. Điều đáng yêu hơn nữa là quán cực yên tĩnh, nhạc cũng rất hay và nhân viên thì cực kì cẩn thận.', '1','3D Tập thể Dệt, cuối ngõ Ao Sen, Hà Đông','0912 961 987', 'https://www.facebook.com/quancuaMinh/','4','8:00 AM – 11:00 PM'),
('30','5','Chùa Văn Quán','Chùa Văn Quán','Chùa Văn Quán thuộc xã Đỗ Động, huyện Thanh Oai. Chùa xây theo hướng Tây, là một ngôi chùa cổ có quy mô lớn, kết cấu vững chãi theo kỹ thuật truyền thống, hình khối thanh thoát, hài hòa, đặc biệt là nghệ thuật điêu khắc, trang trí trên các bộ phận kiến trúc. Năm 2001, chùa được xếp hạng di tích lịch sử – văn hóa cấp thành phố.','1','Làng Văn Quán, Hà Đông',null,null,'5','8:00 AM – 5:00 PM'),
('31','5','Đình Vạn Phúc','Đình Vạn Phúc','Đình Vạn Phúc xây dựng năm 868, Đình thờ Thành hoàng làng Ả Lã Đê Nương. Năm 1877(đời Vua Tự Đức), Đình tôn tạo như xây mới, năm 2012, Đình lại được trùng tu lại. Bức hoành phi “Đức hợp vô cương” (nghĩa là đức hợp lòng người muôn đời không đổi). Thành Hoàng sinh ngày 10 tháng 8 năm Ất Sửu(845). Ngài là người đức độ, vì dân, về gây dựng trại Vạn Bảo (làng Vạn Phúc ngày nay) khuyên dạy nhân dân làm điều phải, bỏ điều trái, ăn ở thuận hòa “Nam chăm lo việc nông – Nữ tầm tang canh cửi”. Đạo lý của Ngài là “Dân yên thiên hạ thái bình” và “Quốc phú – dân cường”.Thành Hoàng mất ngày 25 tháng Chạp “Sinh vị dân – Tử vị Quốc”. Ngài được phong “Thượng đẳng thần” và thần hiệu là “Đương cảnh Thành Hoàng – Quốc vương thiên tử – Nga hoàng đại vương”. Khi đất nước gặp ngoại xâm, các triều Lý – Trần – Lê về đây xin Ngài hiển linh phù trợ. Thành Hoàng được các triều vua ban tặng 11 sắc phong, tôn Thành Hoàng làng Vạn Phúc có công “Hộ nước – Giúp dân”.Đình làng Vạn Phúc, công trình văn hóa ngàn năm hội tụ gắn bó mật thiết với nhân dân. Đặc biệt là rạng sáng ngày 17 tháng 8 năm 1945, ngọn cờ đỏ sao vàng tại Đình làng đã chúng kiến sự kiện lịch sử hào hùng giành chính quyền về với nhân dân quê hương Vạn Phúc.','1','Làng Vạn Phúc, Hà Đông',null,null,'5','8:00 AM – 5:00 PM'),
('32','5','Công viên nước Water Fun','Công viên nước Water Fun','Công viên nước Water Fun là một điểm đến rất hấp dẫn được coi là công viên nước lớn và nổi tiếng nhất Việt Nam với quy mô rộng đáng kinh ngạc. Có một số hoạt động giải trí dưới nước thú vị, rất lý tưởng trong thời tiết nắng nóng của Hà Nội tại nơi này. Công viên nước rộng lớn này có tới 7 ngôi nhà nổi bằng phao khổng lồ nằm cạnh nhau. Đây là điểm du lịch Hà Đông hoàn hảo để mang theo con cái của bạn và chơi đùa với chúng. Vì công viên nước nằm ngoài trời, bạn nên tránh đến thăm khi thời tiết nắng nóng. 
Ngoài ra, do điểm du lịch Hà Đông này không có nhiều cây xanh cho bóng mát, vì vậy đôi khi bạn có thể cảm thấy quá nóng do ánh nắng trực tiếp rọi xuống. Gần đó cũng có một số cửa hàng bán đồ ăn thức uống, tuy nhiên ẩm thực không đa dạng.','1','XQ4J + 62Q, Phương Kiến Hưng, Hà Đông',null,null,'6','7:00 AM – 6:00 PM'),
('33','5','Làng lụa Vạn Phúc','Làng lụa Vạn Phúc','Làng lụa Vạn Phúc là một ngôi làng lâu năm và nổi tiếng với những con đường rực rỡ rợp bóng những chiếc ô màu xanh, vàng, cam, đỏ. Hơn nữa, đây là nơi còn lưu giữ được những tinh hoa văn hóa của dân tộc Việt Nam. Đây là một trong những địa điểm chụp ảnh đẹp ở Hà Đông mà bạn không chỉ chụp được những bức ảnh trên con đường ô đầy màu sắc mà còn được tìm hiểu và mua sắm những mặt hàng tinh xảo nhất Đông Dương tại điểm du lịch Hà Đông này.
Làng lụa Vạn Phúc từ trước đến nay luôn được coi là biểu tượng của người Hà Đông, vì vậy việc bước vào qua cổng làng trên đường Tố Hữu rất đơn giản. Nét đẹp cơ bản, cổ kính,  giản dị cũng có thể nhìn thấy từ chiếc cổng tuyệt vời dẫn vào bên trong điểm du lịch Hà Đông này. Bên trong ngôi làng rực rỡ sắc màu này, bạn vẫn có thể nhìn thấy hình ảnh cây tre và những chiếc giếng nhỏ, san sát nhau.','1','Phường Vạn Phúc, Hà Đông',null,null,'6','7:00 AM – 6:00 PM'),
('34','5','Neko’s House Homestay','Neko’s House Homestay','Nằm ngay trung tâm quận Hà Đông, trong bán kính hơn 5km để đến Lăng Bác, Văn Miếu, Bảo tàng, Khu trung tâm thương mại Nguyễn Chí Thanh… Nơi này chính là sự lựa chọn hoàn hảo dành cho mọi du khách cần sự yên tĩnh. Bạn có thể tự do sử dụng những đồ dùng, thiết bị gia đình và những khu vực chung trong nhà. Với đầy đủ những trang thiết bị hiện đại cùng đội ngũ nhân viên nhiệt tình, chu đáo, chắc chắn những giây phút của bạn với Neko’s House homestay sẽ trở nên tuyệt vời hơn bao giờ hết.','1','17 Nguyễn Văn Lộc, Phường Mộ Lao, Hà Đông',null,'http://nekos-house.hanoi-hotels.org/en/','7','12:00 AM - 12:00 PM'),
('35','5','Ha Dong Green Homestay','Ha Dong Green Homestay','Theo đánh giá của nhiều du khách đã từng nghỉ lại homestay quận Hà Đông này, đây là một căn nhà sạch sẽ, thoáng mát và cực kỳ tiện nghi với đầy đủ những vật dụng hiện đại. Homestay được bày trí hết sức cân đối và nổi bật với tông màu trắng. Thậm chí, một số phòng nghỉ trong này còn có những ô cửa sổ bé xinh với tầm view nhìn ra toàn cảnh bên ngoài rất đẹp mắt mà bạn không nên bỏ lỡ.','1','Tố Hữu Khu đô thị Văn Khê, Quận Hà Đông',null,null,'7','12:00 AM - 12:00 PM'),
('36','8','Nhà hàng Cơm niêu Singapore Kombo','Nhà hàng Cơm niêu Singapore Kombo','Được thành lập vào khoảng đầu năm 2014, nhà hàng Kombo này là một trong những cơ sở nằm trong chuỗi hệ thống các nhà hàng cùng tên, thuộc sở hữu của Công ty Cổ phần Kombo – thương hiệu hàng đầu với sản phẩm cơm niêu hương vị Singapore tại thị trường Việt Nam.Bước vào thế giới cơm niêu Singapore Kombo, thực khách gần như bị choáng ngợp bởi quá nhiều món cơm niêu ngon vừa lạ mắt vừa lạ tai như: cơm niêu bò nướng, cơm niêu gà nướng teriyaki, cơm niêu bò sốt tiêu đen, cơm niêu gà sốt nấm,… Bắt gặp trong mỗi món ăn nơi đây ta dường như thấy cả tinh hoa ẩm thực đảo quốc sư tử được chắt lọc vào trong thật sâu lắng.Nếu trong ẩm thực Việt Nam, cơm niêu gợi lại bao kỉ niệm xưa cũ với những món ăn vừa dân dã, bình dị lại rất đỗi ấm áp, thân thương thì món cơm niêu Singapore cho bạn một trải nghiệm hoàn toàn khác với hương vị đủ đầy, rất đặc biệt. Món cơm này nấu từ thức gạo hảo hạng được nhập khẩu hoàn toàn, cùng niêu gang giúp giữ nhiệt lâu hơn nên đảm bảo niêu cơm của bạn sẽ luôn luôn nóng hổi trong suốt bữa ăn.Các món cơm làm nên thương hiệu của Cơm Niêu Singapore Kombo Kim Đồng phải kể đến như là: Cơm niêu bò nướng mang vị thơm ngọt ngào của thịt bò tươi; Cơm niêu sốt gà nấm đậm đà vị béo bùi nhưng cũng rất thanh ngọt; Cơm niêu gà nướng sốt Teriyaki khiến thực khách kinh ngạc bởi sự kết hợp nhuần nhị của hơn 20 gia vị thảo mộc ấm nồng; rồi Cơm niêu thịt sốt BBQ; hay Cơm niêu bò sốt tiêu đen,… Mỗi món sự kết hợp lại mang đến một hương vị thơm ngon rất riêng khiến bạn khó lòng mà chối từ. Hít hà mùi cơm nóng thơm thơm, cái dẻo mềm trong sự giòn rụm khéo léo, thật tuyệt phải không nào','1','Số 26 Kim Đồng, Giáp Bát, Hoàng Mai, Hà Nội','094.970.1010','https://www.facebook.com/kombovietnam','1','9:00 AM – 21:00 PM'),
('37','8','Gogi House','Gogi House','Người ta tìm thấy ở Gogi House hượng vị ẩm thực Hàn Quốc đã chạm đến tận cùng sự tinh tế của những người yêu ẩm thực. Trong không gian ấm cúng này, những câu chuyện trao nhau khẽ khàng hơn, thân thương hơn và mỗi người dường như sát lại gần nhau hơn bởi sự quyện hòa của hương vị và cảm xúc. Thực đơn của Gogi House cũng chẳng thiếu các món nướng từ thịt heo như: ba chỉ heo nướng muối, sườn lợn nướng sốt cay, thịt vai lợn nướng muối, thịt dải lợn nướng sốt tiêu đen, bạch tuộc,... với đủ loại hương vị đặc trưng, sẵn sàng làm hài lòng bất cứ thực khách nào khi đến đây.Tại Gogi House, các đầu bếp đang cố gắng đem đến cho thực khách những cảm giác thân quen đã từng gặp đâu đó đã lâu. Ở nhà hàng Gogi House, có những món ăn mà mà chỉ nơi đây mới có hoặc tự tin khẳng định là ngon nhất nhì Hà Thành. Ẩm thực là nghệ thuật, nghệ thuật chế biến, nghệ thuật trình bày và nghệ thuật khơi dậy cảm xúc.Gogi House tự hào vì đã lựa chọn phong cách ẩm thực hàn Quốc đầy sang trọng. Nghĩa vụ đem lại sự hài lòng trong thưởng thức và cảm nhận, sự thoải mái trong không gian mộc mạc, ấm cúng, nghĩa vụ khơi dậy cảm xúc là phương châm hoạt động sống còn của nhà hàng.','1','109 Tân Mai, Hoàng Mai, Hà Nội','024 7109 9789','https://www.facebook.com/GoGiHouse.QuanThitNuongHanQuoc/','2','10:00 AM - 22:00 PM'),
('38','8','Trà sữa Ding Tea','Trà sữa Ding Tea','Ding Tea hiện là thương hiệu đồ uống lớn nhất của Đài Loan tại Trung Quốc. Thương hiệu Ding Tea đang như một cơn bão rất nhanh chóng lan rộng ra xung quanh những nước Châu Á. Đi đến đâu Ding Tea cũng nhận được sự yêu quý của khách hàng các nước.Để luôn có được loại trà tốt nhất, Dingtea đã ký hợp đồng với những nông dân ở vùng cao. Chăm sóc tại những vườn chè với nhiệt độ thấp và có độ cao lên đến 1000m, trà đã pha không chỉ có một hương vị ngọt ngào mà còn có mùi thơm đặc biệt. Bạn nên chọn Ding Tea vì: Đánh tan đi cái nóng mùa hè với cốc trà sữa vừa thơm ngon, béo ngậy vừa mát lạnh. Tranh thủ check in sống ảo cực đẹp với những hình vẽ chibi dễ thương, những tiểu cảnh đẹp mắt. Giá thành rẻ, vừa túi tiền học sinh. Nhân viên thân thiện, nhiệt tình, tỉ mỉ để làm ra ly trà sữa ngon nhất cho khách hàng. Những đợt Sale, khuyến mãi cực khủng kèm những phần quà giá trị.','1','KIOT 06 Tòa Nhà HH1A - Bán Đảo Linh Đàm, Hoàng Mai, Hà Nội','024 2269 3388','https://www.facebook.com/dingteabandaolinhdam','3','8:00 AM - 23:00 PM'),
('39','8','The Coffee House','The Coffee House','The Coffee House sở hữu bộ phận cà phê cùng xưởng chế biến và kho trữ lạnh cà phê của Công ty Cầu Đất Farm. Đến với The Coffee House, có thể thấy danh sách các món cà phê được pha chế từ phương thức cà phê gốc hoặc những món biến thể từ cà phê. Cà phê được chọn lựa từ những quả cà phê chín sơ chế rồi mang ra chế biến và pha là cả một quy trình cầu kì, công phu vì vậy mà tách cà phê của The Coffee House rất được ưa chuộng và khen ngợi cũng chính từ tâm của những con người đứng phía sau của cả một quy trình.','1','8 Kim Đồng, quận Hoàng Mai, Hà Nội',NULL,'https://www.facebook.com/The.Coffee.House.2014/','4','7:00 AM - 22:00 PM'),
('40','8','Đền Cửa Truông','Đền Cửa Truông','Di tích đền Cửa Truông được xây dựng vào khoảng thế kỉ XVII, tọa lạc dưới chân rú Sui nay thuộc khối 13, phường Mai Hùng, thị xã Hoàng Mai. Đây là công trình văn hóa tâm linh được nhân dân xây dựng để thờ các vị thần có công với dân, với nước như: Uy Minh Vương Lý Nhật Quang, Đông Chinh vương, Dực Thánh vương, Lê Công Nha, Nguyễn Khầm. Đền trở thành nơi sinh hoạt văn hóa tâm linh của nhân dân địa phương, hàng năm có các hoạt động tưởng niệm như dâng hương vào những ngày sóc, vọng; tế lễ vào các dịp lễ trọng. Qua đó thể hiện sự tôn kính ngưỡng vọng của nhân dân với các vị thần linh, phản ánh các phong tục tập quán tót đẹp và góp phần củng cố khối đại đoàn kết cộng đồng.Đây là công trình di tích lịch sử văn hóa cấp tỉnh gắn với truyền thuyết sâu sắc liên quan đến lịch sử của dân tộc, có giá trị tinh thần vô cùng to lớn. Vi vậy, trong thời gian tới, địa phương tập trung tổ chức thực hiện tốt công tác bảo quản, giữ gìn di tích và tiếp tục đa dạng hóa huy động nguồn lực trùng tu tôn tạo hệ thống di tích VHLS trên địa bàn nói chung và Cửa Truông nói riêng khang trang, sạch đẹp nhằm phát huy những giá trị văn hóa truyền thống của cha ông để lại, góp phần làm rạng danh đất nước và quê hương.','1',' khối 13, phường Mai Hùng, thị xã Hoàng Mai',NULL,NULL,'5',NULL),
('41','8','Khu vui chơi trẻ em tòa nhà Rainbow','Khu vui chơi trẻ em tòa nhà Rainbow','Đây là không gian vui chơi giải trí dành riêng cho con em trong tòa nhà Rainbow Linh Đàm, Phường Hoàng Liệt, Quận Hoàng Mai, Hà Nội. Khu vui chơi rộng gần 100 m2 với các công năng khác nhau, là không gian phù hợp cho trẻ em vận động, học hỏi và sáng tạo, được thiết kế ngay tại sân chính của chung cư, bao gồm các trò chơi như bập bênh, cầu trượt tuyết, thú nhún,…Khu vui chơi sẽ có nhiều loại hình vui chơi vận động, sáng tạo dành cho trẻ em lứa tuổi từ 3 đến 12. Tại đây, các bé có thể được trải nghiệm những hoạt động tư duy sáng tạo theo từng lứa tuổi. Bên cạnh đó, việc có những khu nâng cao thể chất cũng tạo điều kiện cho gia đình các bé có môi trường rèn luyện sức khỏe. Một không gian để các con phát huy tối đa trí tưởng tượng, sáng tạo và cùng học hỏi, giao lưu.Toàn bộ trang thiết bị và đồ chơi đều được nhập khẩu với tiêu chuẩn an toàn cao với mong muốn xây dựng một môi trường phát triển tốt, giúp bé phát huy sự tự tin, sáng tạo, hòa đồng, thân thiện với môi trường, học cách chăm sóc bản thân và những người xung quanh. Là không gian thân thiện để các con thỏa sức khám phá và sáng tạo.','1','56 Linh Đường, Hoàng Liệt, Hoàng Mai, Hà Nội',NULL,NULL,'6','7:00 AM - 21:30 PM'),
('42','8','Khách sạn tình yêu','Khách sạn tình yêu','Tọa lạc tại trung tâm thành phố Hà Nội, Khách sạn tình yêu Được thiết kế đẹp mắt với trọng tâm là sự sang trọng và phong cách, đồ nội thất bằng gỗ tinh tế, bộ sưu tập nghệ thuật phong phú và đồ nội thất mềm được lựa chọn cẩn thận để bổ sung cho màu sắc nhẹ nhàng. dịu dàng. Phòng khách chính tạo cảm giác thư thái. Được trang trí với tông màu nhẹ nhàng của nâu đỏ và hoa mai.Khách sạn Love Hotel có tất cả các phòng đạt tiêu chuẩn 3 sao do Tổng cục Du lịch đánh giá, được trang bị các thiết bị phục vụ hiện đại: tivi, máy lạnh, tủ lạnh, minibar với nhiều loại trái cây thơm ngon, bàn ghế trang điểm. , điện thoại bàn, két sắt, vòi hoa sen có dây, áo choàng tắm…','1','315B Hoàng Văn Thụ, Hoàng Mai, Hà Nội','0436 342 097','https://mytour.vn/c2/khach-san-tai-ha-noi.html','7','12:00 AM - 12:00 PM'),
('43','9','Nhà hàng Lẩu Dê Tuấn Hằng','Nhà hàng Lẩu Dê Tuấn Hằng','Được ra đời từ năm 1990, là cơ sở lâu năm và duy nhất tại 69 Tân Thuỵ, Long Biên với gần 30 năm kinh nghiệm phục vụ thực khách các món ăn từ thịt dê ngon, giàu chất dinh dưỡng, Lẩu Dê Tuấn Hằng sẽ là cái tên tiếp theo được nhắc đến trong danh sách này. Với hàng chục món ăn đa dạng, nào là dê nướng xiên, dê nướng tảng, tái dê, nầm dê, chân dê hầm thuốc bắc, lẩu dê… và đặc biệt là món cháo dê được rất nhiều người ưa thích, cái tên Lẩu Dê Tuấn Hằng đã dần trở nên rất quen thuộc với đông đảo thực khách khắp nơi.Với cách thức chế biến lâu đời hoàn toàn từ dê núi cộng với sự khéo léo, kinh nghiệm, các món ăn của nhà hàng đều để lại vị ngọt đậm đà từ bên trong và mang hương vị riêng khó có thể tìm thấy ở bất cứ đâu. Như một sự khẳng định về ưu thế vượt trội của một thương hiệu ẩm thực trứ danh, trong suốt thời gian qua Lẩu dê Tuấn Hằng đã nhận được rất nhiều chứng nhận và bằng khen về vệ sinh an toàn thực phẩm, đặc biệt còn được vinh danh trong “Đại lễ 1000 năm Thăng Long Hà Nội”.Không chỉ có vậy, nơi đây còn gân ấn tượng với không gian thoáng mát, có sức chứa 500 khách, đáp ứng yêu cầu đa dạng của thực khách đi cùng gia đình, bạn bè, công ty, hội, nhóm. Mặt khác, khu vực xung quanh nhà hàng khá yên tĩnh, an ninh cao; bãi đỗ xe rộng rãi, miễn phí, có bảo vệ trông giữ, vậy nên các thực khách khi đến đây đều cảm thấy yên tâm thưởng thức món ăn.','1',' 69 Tân Thụy, Long Biên, Hà Nội','024 3674 0335 - 096 179 6469','https://www.facebook.com/tuanhanglaude/','1','07:30 AM - 21:30 PM'),
('44','9','Lẩu Phan','Lẩu Phan','Đối với các bạn sinh viên, có lẽ cái tên Lẩu Phan chẳng mấy xa lạ. Nhà hàng Lẩu Phan được biết đến là nhà hàng chuyên phục vụ món lẩu buffet nổi tiếng tại Hà Nội. Hấp dẫn thực khách không chỉ là ở mùi vị món lẩu thơm ngon mà còn ở chất lượng phục vụ cũng như giá món lẩu. Chỉ với 99k/người, bạn có thể ăn thỏa thích đến lúc no thì dừng lại.Từ biển hiệu cho đến logo, phong cách trang trí, Lẩu Phan đều thu hút thực khách. Với tông màu chủ đạo là màu cam đi cùng với màu đen và trắng được kết hợp tỉ mỉ tạo nên phong cách đường phố. Lẩu Phan tuy không quá cầu kỳ nhưng lại mang một làn gió mới giúp bạn cảm giác thoải mái khi thưởng thức món lẩu tại đây. Bên cạnh đó, các cơ sở của Lẩu Phan đều có không gian vô cùng rộng rãi, sạch sẽ, thích hợp để tụ tập bạn bè vào mỗi tối cuối tuần.Mặc dù là buffet nhưng lẩu Phan vẫn luôn chú trọng vào chất lượng món ăn cũng như độ an toàn thực phẩm. Đặc biệt, Lẩu Phan còn có 4 nước lẩu để bạn có thể lựa chọn gồm lẩu kim chi, lẩu sa tế nước cốt dừa, lẩu chua cay và lẩu truyền thống. Mỗi nước lẩu đều được pha chế theo công thức riêng nên mùi vị cô cùng đặc biệt. Đồ ăn cùng lẩu tại Lẩu Phan khá phong phú như thịt bò, thịt heo, sườn sụn, các loại nấm, các loại rau, đậu phụ, váng đậu… Thêm vào đó, gần đây Lẩu Phan còn có cả buffet pepsi với giá 39k/người nên bạn có thể thỏa thích đánh chén mà không cần lo về vấn đề “đắt rẻ” nữa.','1','Số 485 Nguyễn Văn Cừ, Long Biên, Hà Nội','1900 2808','https://www.facebook.com/Lauphanbuffet/','2','11:00 - 14:00 và 18:00 AM - 23:00 PM'),
('45','9','Nem chua rán 267','Nem chua rán 267','Là một trong những quán nem chua rán được yêu thích nhất Long Biên, nằm sâu trong con hẻm nhỏ quán hơi chật một chút nhưng lúc nào cũng đông kín khách, mọi người đến đây đều để thưởng thức nem chua rán, phô mai que,...tụ tập cùng bạn bè. Khách tại quán chủ yếu là khách quen thôi nhưng cứ một đồn mười là thành ra quán ngày càng đông. Nem rất to lại chắc, phủ bột giòn, chiên chín đều lại ngậy mùi bơ, nhìn thôi là thích mê rồi. Đặc biệt nem có tỉ lệ trộn thịt và bì đều nhau chứ không phải loại nem quá bột đâu nhé. Tương ớt ở đây cũng là cô chủ tự làm luôn chứ không phải mua ở đâu về nên hoàn toàn yên tâm về chất lượng luôn nhé, cả tương ớt và tương cà đều đưa vị món ăn cực kì luôn. Chẳng thế mà quán nem đã tồn tại được cả chục năm nay rồi đó.','1','267 Ngọc Lâm, Long Biên, Hà Nội',NULL,NULL,'3','7:30 AM - 21:00 PM'),
('46','9','Serein Café & Lounge','Serein Café & Lounge','Serein nằm trong một căn biệt thự có 4 tầng, được thiết kế sang trọng kiểu Pháp ngay trên đường Trần Nhật Duật, khu tập thể Ga Long Biên. Serein Café tuy mới khai trương chưa lâu nhưng đã nhanh chóng thu hút được một lượng khách lớn đến đây.Tầng 3 của Serein mang không gian ấm cúng, sang trọng, với thiết kế theo phong cách Châu  u. Còn nếu muốn ngắm nhìn cây cầu Long Biên thì bạn có thể lên tầng 4 để tận hưởng. Mặc dù sở hữu view đắc địa nhưng giá đồ uống ở Serein cũng không quá đắt, chỉ tầm 30.000 – 60.000 đồng và chất lượng cũng rất ổn, uống khá vừa miệng và ngon.','1','16 Trần Nhật Duật, Tập thể Ga Long Biên, Hoàn Kiếm, Hà Nội','093 644 62 21','https://www.facebook.com/SereinCafeLounge16/','4','8:00 AM - 23:00 PM'),
('47','9','Đình Cự Đồng','Đình Cự Đồng','Đình Cự Đồng còn có tên là đình Đông Lâm, thuộc thôn Cự Đồng, xã Thạch Bàn, huyện Gia Lâm, nay thuộc tổ 1 phường Thạch Bàn, quận Long Biên, Hà Nội.Cự Đồng thời Nguyễn thuộc xã Cự Linh, tổng Cự Linh, là một địa danh có nhiều di tích lịch sử văn hóa. Nơi đây từng là địa bàn hoạt động của nghĩa quân Hai Bà Trưng dẹp giặc Tô Định những năm 40 – 42 sau Công nguyên. Dấu ấn lịch sử còn lưu lại tới ngày nay trên mảnh đất Cự Đồng hiện còn bảo lưu một ngôi đình thờ danh tướng Thành Công Tương Liệt Đại vương, đã được Hai Bà Trưng phong cho thực ấp ở địa bàn huyện Gia Lâm.','1','tổ 1 phường Thạch Bàn, quận Long Biên, Hà Nội',NULL,NULL,'5',NULL),
('48','9','Aeon Mall Long Biên','Aeon Mall Long Biên','Phải nói thì ở du lịch Hà Nội không thiếu những trung tâm thương mại kết hợp với tổ hợp ăn chơi sầm uất cho du khách đi Hà Nội. Thế nhưng điểm đặc biệt “độc nhất vô nhị” ở Aeon Mall Long Biên sẽ là điểm đến cho các bạn dưới đây chính là vô vàn góc “sống ảo” chất đến phát ngất nhất định phải thử qua đó!Tọa lạc không quá cách xa khu trung tâm du lịch Hà Nội, lại nằm trên một khu đất rộng đến hơn 12000 m vuông ngay phía dưới chân cầu Vĩnh Tuy, Aeon Mall Long Biên chắn chắn sẽ là một nơi cực kỳ lý tưởng và thích hợp cho hội cuồng ăn chơi và “sống ảo” luôn nè. Nơi đây tập hợp rất nhiều “đặc khu”, từ quán café, nhà hàng, trung tâm mua sắm, đến rạp chiếu phim, trung tâm thể dục thể thao,… tha hồ cho các bạn lựa chọn và tận hưởng luôn đó!Tuy nhiên, cái mà làm cho nơi đây trở nên hot nhất không đâu khác chính là “hằng hà sa số” những góc sống ảo đẹp mê hồn mà chỉ cần giơ máy lên chụp tách tách là ra ngay ảnh đẹp. Chả trách vì sao giới trẻ du lịch Hà Nội cứ ưu ái đặt cho nơi này cái tên siêu sang chảnh: Phim trường khổng lồ Aeon Mall. Thử note lại xem những góc sống ảo nào là “đáng đồng tiền bát gạo” ở đây nhé!','1','27 đường Cổ Linh, Quận Long Biên, Hà Nội.',NULL,'https://aeonmall-long-bien.com.vn/','6','9:00 AM – 22:00 PM'),
('49','9','Lucky Budda Inn Villa','Lucky Budda Inn Villa','Tọa lạc tại thành phố Hà Nội, Lucky Budda Inn Villa có nhà hàng, xe đạp cho khách sử dụng miễn phí, quán bar và sảnh khách chung. Mỗi phòng nghỉ tại khách sạn 3 sao này đều có tầm nhìn ra cảnh thành phố. Du khách có thể thư giãn trong vườn và sân hiên. Chỗ nghỉ có lễ tân 24 giờ, dịch vụ phòng và dịch vụ thu đổi ngoại tệ cho khách.Phòng nghỉ của khách sạn được trang bị máy điều hòa, truyền hình cáp màn hình phẳng, tủ lạnh, ấm đun nước, vòi sen, máy sấy tóc và bàn làm việc. Các phòng cũng có khu vực ghế ngồi.Khách lưu trú tại Lucky Budda Inn Villa có thể thưởng thức bữa sáng kiểu lục địa hoặc bữa sáng à la carte.Chỗ nghỉ có sân chơi cho trẻ em. Lucky Budda Inn Villa cung cấp dịch vụ cho thuê xe đạp và xe hơi trong khi đi xe đạp và câu cá là các hoạt động phổ biến trong khu vực.Khách sạn nằm cách Ô Quan Chưởng 2,7 km và Nhà hát múa rối nước Thăng Long 3,2 km. Sân bay gần nhất là sân bay quốc tế Nội Bài, nằm trong bán kính 19 km từ Lucky Budda Inn Villa, và chỗ nghỉ cung cấp dịch vụ đưa đón sân bay với một khoản phụ phí.','1','99 Đường Ngọc Thuỵ 99-99B/32 Ngoc Thuy, Yen Tan ,Long Bien, Hanoi, Quận Long Biên, Hà Nội, Việt Nam','0379 448 219','https://www.facebook.com/Lucky-Budda-inn-Villa-105681607903067/','7','12:00 AM - 12:00 PM'),
('50','6','Nhà Hàng Tre Xanh','Nhà Hàng Tre Xanh','Nhà hàng Tre Xanh với không gian nhà vườn thoáng mát giữa lòng thành phố. Chuyên đặc sản Chim trời, Gỏi Nhệch, Cua Đinh, Ngỗng nguyên con 7 món, Lợn Mán mẹt, cơm quê. Nhân viên phục vụ thân thiện, nhiệt tình.','1','10 Ngõ, 285 Trần Khát Chân, Thanh Nhàn, Hai Bà Trưng, Hà Nội','02439728952','https://www.facebook.com/trexanh285/','1','9:00 AM - 10:00 PM'),
('51','6','Đệ Nhất Quán','Đệ Nhất Quán','Nằm tại số 2 ngõ 20 Láng Hạ, Đống Đa, Hà Nội, Đệ Nhất Quán đặc trưng với những món ăn thuần Việt, đã trở thành điểm hẹn lý tưởng của những doanh nhân thành đạt, những bạn trẻ năng động hay những bữa ăn gia đình ấm cúng. Không gian mở, thoáng tạo thiện cảm với thực khách bởi những đường nét thân thuộc của tường gạch thô, của bàn ghế gỗ mộc mạc đơn giản, hay sắc xanh dịu mát từ cây lá… mang tới cảm giác gần gũi cho thực khách khi dùng bữa tại đây. Sở hữu thực đơn món ăn đa dạng và hấp dẫn, nổi bật với các món gà như: Mẹt gà đủ món, Gà nướng Tây Bắc, Gà hấp niêu đất, Gà nướng lu, Nộm gà Đệ Nhất, Xôi ruốc gà Đệ Nhất, Lẩu gà nước Thái, Lẩu cháo gà Đệ Nhất…; các món cá: Mẹt cá lăng đủ món, Cá quả nướng muối ớt… Đệ Nhất Quán là một gợi ý thú vị dành cho những bữa ăn thân mật cùng bạn bè, người thân, hay những bữa tiệc liên hoan, tiếp khách thân tình.  
Bên cạnh đó, đội ngũ nhân viên được đào tạo bài bản, thái độ thân thiện, vui vẻ và chu đáo, sẵn sàng phục vụ và đáp ứng mọi nhu cầu của khách hàng.','1','378, Trần Khát Chân, Phường Thanh Nhàn, Quận Hai Bà Trưng, Thành Phố Hà Nội','0986 530 220','https://www.facebook.com/denhatquan.vn/','2','8:00 AM - 10:00 PM'),
('52','6','Miss Homemade','Miss Homemade','Đến đây nhất định phải thử ngay 3 món HOT mới: Chảo bạch tuộc xào mỳ tok phô mai (165K), Chảo gà xào mỳ tok phô mai (155K) và Lẩu mỳ tok phô mai (175K). Ưng nhất set Chảo bạch tuộc xào mỳ tok phô mai, 1 set thế này khoảng 2 người ăn là no nê, đủ topping như hình nè!! Chảo nóng hôi hổi, thơm lừng, bạch tuộc to, giòn sần sật, ăn kèm tok to mập ú quyện đẫm nước sốt cay ngọt đậm đà ngon thôi rồi.
Chảo gà xào mỳ tok phô mai đầy đặn với phần thịt gà xào mềm, ngọt, hương vị đúng chuẩn Hàn luôn. Nếu đi nhóm đông có thể gọi thêm chút topping nữa là no nê, nhâm nhi ly rượu soju là quá chuẩn tụ tập rồi. Quán chỉ có 2 cơ sở duy nhất tại Hà Nội, cơ sở 2 thì tông hồng đáng yêu tha hồ mà check in sống ảo.','1','71A Hồng Mai, Hai Bà Trưng, Hà Nội','079 321 9898', 'https://www.facebook.com/misshomemade71ahongmai/','3','8:00 AM - 10:30 PM'),
('53','6','Daily Roaster','Daily Roaster','Ngay từ khi đặt chân tới quán bạn sẽ thấy ấn tượng với phong cách của một quán cafe vintage cổ điển pha chút hiện đại. Quán chỉ có 1 tầng với mặt tiền siêu rộng. Những ngày đẹp trời ngồi nhâm nhi ly cafe và ngắm đường phố thì quả thực rất tuyệt đó. Mặt tiền quán với tone màu xám kết hợp với những khung cửa gỗ giúp tạo nên 1 background cực xịn sò. Không gian bên trong là quầy order và một 1 gác xép nhỏ nhưng hơi bí một chút. Bàn ghế của quán chủ yếu là những bộ bàn ghế thấp nên nếu bạn nào muốn học tập hay làm việc thì sẽ hơi mỏi lưng một chút đó. Menu ở Daily Roaster thiên về các loại cafe. Ngoài ra cũng có thêm cả hand brew, trà, juice,…','1','17 Triệu Việt Vương , Hai Bà Trưng, Hà Nội','098 626 16 19','https://www.facebook.com/dailycoffee2020/','4','7:00 AM - 10:00PM'),
('54','6','Chùa Quỳnh Lôi','Chùa Quỳnh Lôi','Chùa Quỳnh Lôi là một di tích có bề dày lịch sử gắn liền với sự hình thành và phát triển của ngàn năm Thăng Long Hà Nội. Chùa có quy mô kiến trúc bề thế, cảnh quan thiên nhiên đẹp hữu tình; Hệ thống hiện vật đa dạng phong phú, có giá trị văn hóa lâu đời và là di tích quan trọng, một danh lam cổ tích của Thủ đô Hà Nội.
Chùa Quỳnh Lôi có tên tự là Long Khánh Tự (tức chùa Long Khánh). Thời Trần, Quỳnh Lôi thuộc lộ Sơn Nam. Đầu thời Lê thuộc xã Quỳnh Lôi, huyện Thanh Trì, phủ Thường Tín, Trấn Sơn Nam Thượng. Sau đó, chùa Quỳnh Lôi thuộc trại Quỳnh Lôi, tổng Tả Nghiêm, huyện Thọ Xương, phủ Phụng Thiên rồi phủ Hoài Đức – Hà  Nội… Sau ngày giải phóng Thủ đô, Quỳnh Lôi được gọi là tiểu khu Quỳnh Lôi và từ năm 1981 đến nay gọi là phường Quỳnh Lôi.','1','Ngõ Quỳnh, Quỳnh Mai, Hai Bà Trưng, Hà Nội',null,null,'5',null),
('55','6','Time City','Time City', 'Có lẽ chẳng cần phải tìm kiếm đâu xa một địa điểm vui chơi cuối tuần hấp dẫn cho cả gia đình ngay giữa lòng thủ đô. Được mệnh danh là thiên đường giải trí dành cho mọi lứa tuổi, Times City là một thành phố thu nhỏ với các khu đô thị cao cấp, khu vui chơi giải trí tổng hợp, trung tâm thương mại mua sắm và ẩm thực vô cùng đa dạng và hấp dẫn.','1', '458 Minh Khai, Vinh Tuy W Hai Bà Trưng',null,'https://en.wikipedia.org/wiki/Vinhomes_Times_City','6',null),
('56','6','Le Grand hanoi Hotel','Le Grand hanoi Hotel','Tọa lạc tại thành phố Hà Nội, Hotel Le Grand cung cấp chỗ nghỉ đơn giản và yên tĩnh với truy cập Wi-Fi miễn phí trong các phòng nghỉ. Khách sạn có quầy lễ tân 24 giờ và cung cấp chỗ đậu xe riêng miễn phí trong khuôn viên. Mỗi phòng đều được trang bị máy lạnh, tủ quần áo và TV màn hình phẳng. Phòng tắm riêng có dép và vòi sen. Đội ngũ nhân viên thân thiện tại Hotel Le Grand có thể hỗ trợ khách với dịch vụ giữ hành lý và giặt là. Dịch vụ đưa đón sân bay và vận chuyển được bố trí theo yêu cầu. Hotel Le Grand nằm cách Nhà hát Lớn Hà Nội và Bảo tàng Lịch sử Quốc gia Việt Nam khoảng 1,4 km. Quảng trường Ba Đình cách nơi nghỉ này 1,6 km trong khi Sân bay Quốc tế Nội Bài cách đó 23 km.','1','1b9 Đầm Trấu, Bạch Đằng, Hai Bà Trưng, Hà Nội','024 3984 5350','http://le-grand.hanoi-hotels.org/en/','7','12:00 AM - 12:00 AM'),
('57','11','Nhà hàng Du thuyền Hồ tây Potomac','Nhà hàng Du thuyền Hồ tây Potomac','Đặt chân tới Du thuyền Hồ Tây, ấn tượng đầu tiên là không gian đậm chất cổ điện và lãng mạn, không kém phần tinh tế,cảm giác ẩn chứa nhiều câu chuyện bí ẩn như chính Hồ Tây.
Có thể dùng bữa trưa hoặc bữa tối, riêng tôi cảm nhận về bữa tối tuyệt vời hơn rất nhiều. Cảnh sắc lung linh như một khối ánh sáng đầy mê hoặc di chuyển trên hồ, ngồi trên tầng 3 ngoài trời, bạn có thể tận hưởng hết không khí, gió, và cả hương vị của Hồ Tây. Bánh tôm, ốc mít hấp xả gừng, Tôm hồ Tây nướng ... là các món không nên bỏ qua ở đây. Tươi ngon và đặc biệt ấn tượng với nước chấm mà người phục vụ nói với tôi đây là công thức bí truyền.','1','9b Nguyễn Đình Thi, Thuỵ Khuê, Tây Hồ, Hà Nội',' 098 667 66 89','www.potomac.com.vn','1','8:00 AM - 10:00 PM'),
('58','11','Quán Kiến','Quán Kiến','Quán Kiến là một trong những quán ăn ngon ở hồ Tây Hà Nội, mang đậm phong cách ẩm thực vùng Tây Bắc. Quán có rất nhiều món ăn về côn trùng như xôi trứng kiến, bọ cạp chiên, lẩu thắng cố,... được nhiều thực khách ưa thích, ngoài ra quán còn có 10 loại rượu đặc sản Tây Bắc cực ngon nếu như bạn là người thích thưởng thức rượu quê. Bạn có thể tìm thấy một Tây Bắc giữa lòng Hà Nội tại quán Kiến với không gian quán cực kỳ rộng rãi và thoáng mát, được trang trí theo phong cách bình dị của vùng núi.
Buổi tối là thời điểm thích hợp nhất để bạn ghé đến quán Kiến thưởng thức những món ăn Tây Bắc trong không gian ấm cúng cùng bạn bè và người thân, nơi đây rất phù hợp để tổ chức những buổi tiệc gặp mặt, giao lưu bạn bè hay họp gia đình.','1','143 Nghi Tàm, Tây Hồ',' 097 839 99 83','https://www.facebook.com/quankienPassionvsFresh/','2','10:00 AM - 11:00 PM'),
('59','11','Nem Nướng Yên Béo','Nem Nướng Yên Béo','Quán Nem Nướng Yên Béo thoạt nhìn bề ngoài hơi chật nhưng khi vào bên trong bạn sẽ phải thay đổi suy nghĩ bởi quán rất rộng có trang bị đầy đủ điều hòa, quạt và bàn ghế rộng rãi. Nem nướng ở đây có 2 loại là nem chua và nem ngọt, phần nem dai dai, nướng vừa tới được chấm với thứ nước sốt tê tê rất hấp dẫn. Ngoài nem nướng còn có nhiều lựa chọn khác như cá bò nướng vàng thơm nức, bánh mì nướng, thịt xiên nướng được dắt miếng thịt nạc và miếng mỡ rất đều, ướp gia vị vừa, không quá nhạt nên có thể chiều lòng khẩu vị của rất nhiều thực khách khác nhau. Thêm nữa, mức giá cả ở đây so với mặt bằng chung là rẻ cộng thêm đội ngũ nhân viên nhiệt tình nhanh nhẹn thì không thể bỏ qua quán Nem Nướng Yến Béo khi đến khu Hồ Tây được.','1','44 Yên Phụ, Tây Hồ, Hà Nội','037 582 1008','https://www.facebook.com/yenbeo44/','3','18:30 AM - 23:30 PM'),
('60','11','G-Kim’s Coffee and Tea Vệ Hồ','G-Kim’s Coffee and Tea Vệ Hồ','Nếu bạn muốn tìm một quán cafe chill ở Hồ Tây, vừa có view đẹp, đồ uống ngon lại vừa có đồ ăn thì chắc chắn G-Kim’s Coffee sẽ là điểm đến lý tưởng rồi. Quán có đến 5 tầng siêu rộng và đặc biệt là tầng nào cũng có view nhìn ra hồ vừa chill vừa xinh. Đặc biệt, đến G-Kim’s bạn hãy sạc pin thật đầy nhé bởi có vô vàn các góc chụp cho bạn thỏa thích bấm máy. Đồ uống của quán khá rẻ so với những quán cafe view Hồ Tây ở xung quanh. Ngoài đồ uống, G-Kim’s còn có thêm cả các món bánh tự làm như Red Velvet, Tiramisu hay bông lan trứng muối cũng ngon không kém. Mới đây quán còn có thêm cả menu đồ ăn nhanh với pizza và bánh bao tha hồ lựa chọn.','1','177 – 179 Vệ Hồ, Hồ Tây','0888 888 083','https://www.facebook.com/G-Kims-Coffee-and-Tea-108795964318768/','4','8:00 AM - 10:00 PM'),
('61','11','Đình Nghi Tàm','Đình Nghi Tàm','Nghi Tàm có lịch sử lập làng và nền văn hoá truyền thống lâu đời. Tại đây con giữ được nhiều di tích lịch sử ghi lại tiến trình phát triển của lịch sử làng xã và những sinh hoạt văn hoá tinh thần của địa phương. Đình Nghi Tàm chính là điểm sáng văn hoá và là nơi gửi gắm niềm tin và ước vọng của nhân dân trong vùng. Ngôi đình được xây dựng để thờ các vị thành hoàng làng nhằm bảo vệ cuộc sống bình yên cho nhân dân. Đình Nghi Tàm hiện thuộc cụm 4 phường Quảng An quận Tây Hồ, phía trước là khách sạn Thắng Lợi, bên phải là thắng cảnh hồ Tây, phong thủy linh thiêng có cảnh quan tươi đẹp.','1','144 Ngõ 5 Phố Từ Hoa, Yên Phụ, Tây Hồ, Hà Nội',null,null,'6',null),
('62','11','Hồ Tây','Hồ Tây','Là một mảng màu tuyệt đẹp của Hà Nội, Hồ Tây không kém cạnh sự sầm uất, nhộp nhịp của các con phố, không thiếu những địa điểm lắng đọng, bình yên bởi các ngôi chùa, sự thoải mái, thư giãn tại những khoảng vui chơi và đặc biệt là sự lãng mạn mà hiếm nơi nào có được.','1','Hồ Tây',null,null,'5',null),
('63','11','Tuna Homestay','Tuna Homestay','Tọa lạc tại thành phố Hà Nội, cách Bảo tàng Dân tộc học Việt Nam 3,2 km và Chùa Một Cột 5 km, Tuna Homestay có khu vườn, quầy bar, sảnh khách chung và Wi-Fi miễn phí. Chỗ nghỉ này cũng có sân hiên và bếp chung. Nơi đây cung cấp dịch vụ phòng, dịch vụ lễ tân 24 giờ và dịch vụ thu đổi ngoại tệ cho khách.
Phòng nghỉ tại Tuna Homestay được trang bị tủ quần áo, máy điều hòa và sử dụng phòng tắm chung.Chỗ nghỉ phục vụ bữa sáng kiểu lục địa hoặc tự chọn.
Đi xe đạp là hoạt động phổ biến trong khu vực, đồng thời du khách có thể thuê xe máy và xe hơi tại Tuna Homestay.
Đền Quán Thánh và Hồ Tây đều nằm trong bán kính 5 km từ nhà trọ. Sân bay gần nhất là Sân bay Quốc tế Nội Bài, cách đó 21 km, và Tuna Homestay cung cấp dịch vụ đưa/đón sân bay với một khoản phụ phí.','1','12 Alley, Ng. 445 Đ. Lạc Long Quân, Xuân La, Tây Hồ, Hà Nội','0832 938 888','https://www.facebook.com/TunaHomestay/','7','12:00 AM - 12:00 PM'),
('64','12','Nhà hàng Cảnh Hồ','Nhà hàng Cảnh Hồ','Nằm giữa con đường Trường Chinh ồn ào náo nhiệt, nhưng Cảnh Hồ vẫn giữ được vẻ yên tĩnh, lãng mạn đến dịu dàng mang nét riêng về một nhà hàng tổ chức tiệc cưới chuyên nghiệp.
Bất cứ ai có dịp đến với Cảnh Hồ đều không khó để nhận ra một nét riêng. Đó là không gian rộng, sang trọng và kịch bản cưới ấn tượng. Song điểm nhấn mà nhà hàng Cảnh Hồ mang đến cho quý khách lại chính là vẻ lãng mạn vốn có. Dường như chính cái tên “cảnh hồ” đã nói được đặc trưng nơi đây. Nhà hàng lấy không gian của một hồ nước yên ả nằm nghiêng nghiêng ven một con đường tấp nập.
Điều đọng lại khi đến với Cảnh Hồ không chỉ là không gian cưới ấm áp, rộng và thoáng với hai sảnh tiệc tách biệt mà ấn tượng nơi đây là một kịch bản cưới sáng tạo.
Hai phong cách trang trí, hai không gian có phần đối lập của 2 sản tiệc là những gì mà Cảnh Hồ gửi tới quý khách như một lời tri ân thể hiện khát khao vươn tới cái đẹp hoàn thiện, không chỉ là sự đáp ứng nhu cầu khách hàng, làm vừa lòng các đôi bạn trẻ mà còn làm phong phú thêm đời sống tinh thần của những người đã làm nên thành công của nhà hàng.','1','173B Đ. Trường Chinh, Khương Mai, Thanh Xuân, Hà Nội','0326 330 168','https://www.facebook.com/nhahangcanhho173btruongchinh/','1','9:00 AM - 10:00 PM'),
('65','12','Don Chicken','Don Chicken','DON Chicken là nhà hàng gà nướng Hàn Quốc chuẩn 4 sao. Đây là một trong những thương hiệu đồ ăn nhanh đem đến sự hài lòng cả về chất lượng lẫn cách phục vụ.
Thương hiệu ẩm thực cao cấp, chuyên về các món ăn nhanh đến từ Hàn Quốc. Chủ yếu là các món được chế biến từ gà, được làm theo nhiều cách khác nhau như: Gà nướng, gà rán truyền thống hay với các món nước sốt khác nhau. Phục vụ nhu cầu thưởng thức các món ăn nhanh, vừa ngon lại vừa tiện lợi cho thực khách.
DON Chicken vẫn luôn giữ một vị trí lớn trong thị trường đồ ăn nhanh, được nhiều người tin dùng và ưa chuộng. Cạnh tranh với các thương hiệu ăn nhanh khác.
Có mặt tại thị trường Hàn Quốc từ năm 2007 và cho đến nay đang là một trong những thương hiệu dẫn đầu ngành công nghiệp ăn uống quốc nội với hơn 400 nhà hàng tại hơn 6 tỉnh/thành trên cả nước và Đảo JEJU.','1','B2-R3-10 KĐT Royal City, Thanh Xuân , Hà Nội','1800 6634','https://donchicken.vn/','2','9:00 AM - 10:00 PM'),
('66','12','Bít tết Lộc','Bít tết Lộc','Bít tết Lộc hấp dẫn với hương vị thịt bò cao cấp, được áp chảo chín nên miếng thịt không bị quá khô và không hề bị sống, thịt bò mềm và ngon đúng vị. Tới đây, bạn sẽ được thỏa sức đam mê với bánh mì chảo, bít tết, bánh mì sốt vang… Và đặc biệt, ghé quán ăn vặt ngon Quận Thanh Xuân này bạn sẽ được check-in tuyệt đẹp. Ngoài bít tết, quán còn phục vụ những món ăn vặt hấp dẫn khác như: Ngô chiên, xúc xích, khoai tây, khoai lang chiên, nước ngọt, dưa góp,…','1','345 Quan Nhân, Thanh Xuân, Hà Nội','0906285995','https://www.facebook.com/nhahangbitteloc/','3','9:00 AM - 9:00 PM'),
('67','12','Trill Rooftop Cafe & Bistro','Trill Rooftop Cafe & Bistro','Tọa lạc trên tầng 26 tòa nhà Hei Tower, Trill Rooftop Cafe & Bistro vẫn luôn là địa điểm check-in cực hot với nhiều bạn trẻ ở Hà Nội. Không gian quán gồm khu vực trong nhà, ngoài trời, ven hồ bơi và nhà hàng.
Mỗi khu vực được decor theo phong cách riêng vô cùng độc đáo với nhiều góc “sống ảo tung chảo” để bạn có những bức ảnh nghìn like. Khi hoàng hôn buông xuống cũng là lúc quán trở nên lung linh huyền ảo với những chùm đèn trang trí đầy màu sắc hòa cùng ánh đèn điện nơi phố thị. Không chỉ có không gian đẹp, quán cafe Thanh Xuân này còn có menu đồ uống đa dạng và hấp dẫn. Từ cafe, trà đến nước trái cây, mojito hay smoothie đều được pha chế rất vừa miệng và trình bày đẹp mắt. Đặc biệt, món cafe mây ở đây làm mê mệt bao bạn trẻ vì hương vị khá lạ cùng decor kẹo bông rất dễ thương. Giá cả đồ uống ở đây khá đắt so với mặt bằng chung. Tuy nhiên, với view đẹp lung linh từ trên cao cùng không gian độc đáo thì mức giá này vẫn có thể coi là chấp nhận được.','1','Hei Tower, 1 Ngụy Như Kon Tum, Nhân Chính, Thanh Xuân','024 3203 4999','https://www.facebook.com/trillgroup/','4','8:00 AM - 10:00 PM'),
('68','12','Chùa Cự Chính','Chùa Cự Chính','Chùa Cự Chính được xây dựng trên một khu đất rộng, mặt nhìn hướng Nam. Kiến trúc với bố cục gồm: Tam quan, sân chùa, chùa chính, nhà bia, vườn tháp, nhà Mẫu, nhà Tổ, nhà tăng ni, nhà khách, bếp, khu phụ, vườn chùa.
Cổng Tam quan được xây dựng độc đáo, ngoài sự thể hiện uy nghi bề thế, còn được các nghệ nhân xưa thể hiện trên trang trí kiến trúc với nhiều hình chạm đề tài phong phú, chạm nổi các điển tích nhà Phật rất sinh động. Năm 2009, do công trình xây dựng bằng vôi vữa quá lâu nên xuống cấp nghiêm trọng, bằng sự đóng góp của nhân dân Cự Chính và khách thập phương, Tam quan chùa được tu bổ lại khang trang như hiện nay. Qua cổng là lớp sân chùa và vườn liền nhau, bố trí đẹp, hợp lý, vừa có hoa trái lại tạo bóng mát đẹp, sinh động. Chùa chính gồm toà Tiền đường và Thượng điện, kết cấu kiến trúc hình “chuôi vồ”. Toà Tiền đường 5 gian 2 chái được trùng tu lớn năm 1998 từ nguồn vốn huy động trong nhân dân và khách thập phương. Với lòng thành kính hướng về phật pháp và tâm lượng vô biên, sư cụ Thích Đàm Hiển đã dành toàn tâm đứng ra tu bổ tôn tạo cho cảnh chùa ngày càng khang trang, đẹp đẽ, uy nghiêm.Cùng với môi trường cảnh quan được giữ gìn và tôn tạo thường xuyên, chùa Bồ Đề còn bảo lưu được những di vật quý như: Hệ thống tượng tròn, chuông đồng, khánh đá, bia đá, hoành phi, câu đối, cửa võng… Có thể nói đây là một quần thể kiến trúc tôn giáo hoàn chỉnh, nổi tiếng trong vùng, được du khách và nhân dân mến mộ thường xuyên đến chùa vãn cảnh, lễ Phật cầu bình an, hạnh phúc.','1','XRX5+XR8, Thanh Xuân Trung, Thanh Xuân, Hà Nội',null,null,'5',null),
('69','12','Royal City','Royal City','Royal City có trung tâm thương mại rộng 260.000m2 bố trí với 2 tầng hầm B1 và B2. Rất nhiều các gian hàng, shopping, khu vui chơi giải trí đẳng cấp hàng đầu thế giới quy tụ tại đây.','1','72A Nguyễn Trãi, phường Thượng Đình, quận Thanh Xuân, Hà Nội',null,'https://vincom.com.vn/vincom-mega-mall-royal-city','6','12:00 AM - 12:00 AM'),
('70','12','Hanoi Amore Hotel & Travel','Hanoi Amore Hotel & Travel','Tọa lạc tại thành phố Hà Nội, cách trung tâm thương mại Vincom Center Nguyễn Chí Thanh 4,1 km, Hanoi Amore Hotel & Travel cung cấp phòng nghỉ gắn máy điều hòa với WiFi miễn phí và bàn đặt tour. Khách sạn 3 sao này còn có dịch vụ đặt vé và phòng giữ hành lý. Chỗ nghỉ cũng có lễ tân 24 giờ, dịch vụ phòng và dịch vụ thu đổi ngoại tệ cho khách.
Tất cả phòng nghỉ tại khách sạn đều được trang bị bàn làm việc, TV màn hình phẳng và phòng tắm riêng.
Bảo tàng Mỹ thuật Việt Nam và Văn Miếu - Quốc Tử Giám đều nằm cách Hanoi Amore Hotel & Travel 4,4 km. Sân bay gần nhất là sân bay quốc tế Nội Bài, cách đó 24 km, và chỗ nghỉ cung cấp dịch vụ đưa đón sân bay với một khoản phụ phí.','1',' Số 105 P. Vũ Tông Phan, Khương Trung, Thanh Xuân, Hà Nội',' 097 948 96 36','https://www.facebook.com/hanoiamorehotel/','7','12:00 AM - 12:00 AM'),
('71','1','Nhà hàng Hatoyama','Nhà hàng Hatoyama','Tọa lạc trên con phố Vạn Phúc sầm uất bậc nhất Thủ đô, Nhà hàng Hatoyama với tên gọi đậm chất Nhật hứa hẹn sẽ là một địa điểm ẩm thực mới dành cho thực khách Việt trót “phải lòng” những hương vị tinh tế của đất nước Mặt Trời Mọc hay những người Nhật xa xứ muốn tìm về hương vị quen thuộc nơi quê nhà. Không chỉ có món ăn ngon, nơi đây còn đưa thực khách vào một hành trình khám phá đất nước của một nền ẩm thực tinh tế bậc nhất thế giới qua không gian với hình ảnh những nàng Geisha quyến rũ, những bông hoa anh đào mỏng manh vươn mình trong gió, hay hình ảnh núi Phú Sĩ hùng vĩ mà vẫn đậm chất thơ,...','1',' 8 P. Vạn Phúc, Liễu Giai, Ba Đình, Hà Nội','094 819 22 88','https://hatoyama.vn/en/','1','8:00 AM - 10:00 PM'),
('72','1','Ngói CTR ','Ngói CTR ','Về món ăn, vì là quán chuyên về lẩu Thái Tom Yum nên menu của quán chỉ có duy nhất loại lẩu này. Nhưng đổi lại thì chất lượng của lẩu Thái Tom Yum cực kỳ đỉnh. Nước lẩu ngon nức lòng, ướp vừa phải, chua cay ăn rất nghiện. Ngoài ra, lượng đồ ăn ngoài và đồ ăn kèm lẩu trong menu cũng rất đa dạng. Có rất nhiều sự lựa chọn cho bạn như: Chân gà, ngô chiên, phồng tôm, mực, bạch tuộc, ngao, nộm,… Về dịch vụ, tuy quán rất đông nhưng tốc độ phục vụ cực kỳ nhanh, thao thác của nhân viên nhanh nhẹn, chu đáo. Đồ ăn ra cũng rất nhanh, không mấy khi khách hàng hải đợi lâu cho những món ăn của mình cả. Về không gian, view của quán khá đẹp, bạn có thể ngồi ngoài vỉa hè ngắm phố phường hoặc phòng điều hòa mát mẻ, sạch sẽ. Thường thì quán khá đông trong khoảng từ 20.00-23.00 hàng ngày. Đây là một trong những quán ăn ngon Quận Ba Đình Hà Nội mà bạn nên thử.','1','38 P. Trần Phú, Hàng Bông, Ba Đình, Hà Nội',' 096 110 55 38','https://www.facebook.com/NgoiCTRlauthai/','2','8:00 AM - 12:00 PM'),
('73','1','Chè Xoài Minci','Chè Xoài Minci','Về món ăn, Chè Xoài Minci nổi tiếng hơn về những món caramel của mình với hơn 16 loại khác nhau. Caramel ướt mịn, ngọt béo được làm một cách hoàn hảo. Đi cùng với nó là nhiều vị topping tạo nên nhiều mùi vị thơm ngon khác. Ngoài ra Minci còn có nước giải khát, dừa xiêm, sinh tố, chè,… . Đặc biệt với chè xoài là món khiến rất nhiều người yêu thích. Về dịch vụ, Minci có chỗ để xe ngay bên đường, khá thuận tiện cho khách hàng ghé quán. Quán khá to với không gian xanh mát, trông rất thích mắt. Phục vụ ở quán là các cô các bác đứng tuổi, tạo cảm giác rất gần gũi, thân mật, ai cũng dễ thương, nhẹ nhàng như mẹ như bà ở nhà vậy. Không phải ngẫu nhiên mà Chè Xoài Minci được liệt kê vào danh sách những quán ăn ngon Quận Ba Đình Hà Nội.','1',' 5 Nguyễn Trường Tộ, Ba Đình, Hà Nội','024 3927 3003','https://www.facebook.com/Minci.So5.NguyenTruongTo.HaNoi/','3','8:00 AM - 8:00 PM'),
('74','1','Café Yên','Café Yên','Quán được thiết kế giống như những quán café vỉa hè – nét đặc trưng của Hà Nội. Với những ai yêu thích café đường phố, ngồi ngắm dòng người hối hả qua lại và không khí ồn ào, náo nhiệt thì Café Yên là lựa chọn vô cùng thích hợp.','1','184 Quán Thánh, Ba Đình, Hà Nội',' 098 975 01 80','https://www.facebook.com/THAIYENCAFE/','4','7:30 AM - 9:00 PM'),
('75','1','Lăng Chủ tịch Hồ Chí Minh','Lăng Chủ tịch Hồ Chí Minh','Lăng Chủ tịch Hồ Chí Minh, còn gọi là Lăng Hồ Chủ tịch, Lăng Bác, là nơi gìn giữ thi hài Hồ Chí Minh. Lăng được chính thức khởi công ngày 2 tháng 9 năm 1973, tại vị trí của lễ đài cũ giữa Quảng trường Ba Đình, nơi Hồ Chí Minh từng chủ trì các cuộc mít tinh.
Lăng được khánh thành vào ngày 29 tháng 8 năm 1975, gồm 3 lớp với chiều cao 21,6 mét, chiều rộng 41,2 mét lớp dưới tạo dáng bậc thềm tam cấp, lớp giữa là kết cấu trung tâm của lăng gồm phòng thi hài và những hành lang, những cầu thang. Bên ngoài lăng được ốp bằng đá granite xám, bên trong làm bằng đá xám và đỏ đã được đánh bóng. Quanh bốn mặt là những hàng cột vuông bằng đá hoa cương, lớp trên cùng là mái lăng hình tam cấp. Ở mặt chính có dòng chữ: "CHỦ TỊCH HỒ CHÍ MINH" bằng đá hồng màu mận chín. Xung quanh lăng là các khu vườn nơi hơn 250 loài thực vật được trồng từ khắp mọi miền của Việt Nam.','1','2 Hùng Vương, Điện Bàn, Ba Đình, Hà Nội',null,null,'6',null),
('76','1','Công viên Thủ Lệ','Công viên Thủ Lệ','Công viên Thủ Lệ nằm bên trong khuôn viên có một mặt hồ lớn, với một dải đất hình oval giống như giọt nước mắt. Đó cũng là nguồn gốc của cái tên Thủ Lệ, mang ý nghĩa là giữ lấy giọt lệ ở bên trong. Nằm trên địa phận làng Thủ Lệ, một làng cổ có từ thời nhà Lý với sự tích thần Linh Lan và đền Voi Phục, đây không chỉ là một địa điểm vui chơi giải trí của người dân mà là một di tích lịch sử của mảnh đất kinh kì ngàn năm văn hiến.','1','Đ. Bưởi, Thủ Lệ, Ba Đình, Hà Nội','024 3834 7395','https://vi.wikipedia.org/wiki/C%C3%B4ng_vi%C3%AAn_Th%E1%BB%A7_L%E1%BB%87','5','6:00 AM - 9:00 PM'),
('77','1','Khách sạn Canary','Khách sạn Canary','Khách sạn Canary Hà Nội là khách sạn tiêu chuẩn 3 sao với thiết kế độc đáo kết hợp giữa truyền thống và hiện đại. Khách sạn có tổng cộng 40 phòng ngủ được trang bị đầy đủ tiện nghi hiện đại, 01 thang máy, 01 nhà hàng và 01 phòng chờ, quầy hàng lưu niệm,… Khách sạn Canary Hà Nội Hà Nội là sự kết hợp hoàn hảo giữa phong cách độc đáo và ý tưởng sáng tạo. Giữ cho môi trường xanh, sạch, đẹp không chỉ là nỗ lực của chúng tôi mà là mục tiêu của toàn thế giới.
Đến với khách sạn Canary Hà Nội để tận hưởng sự khác biệt và trải nghiệm lòng hiếu khách của chúng tôi tại đây. Đội ngũ khách sạn trẻ, đẹp, thân thiện và chuyên nghiệp của chúng tôi sẽ luôn chân thành chào đón bạn với chất lượng dịch vụ tốt nhất. Lựa chọn Khách sạn Canary Hà Nội cho những kỳ nghỉ hay chuyến công tác sắp tới, bạn sẽ luôn cảm thấy thoải mái và ấm cúng như chính ngôi nhà của mình.
Tọa lạc tại vị trí trung tâm trong trung tâm kinh doanh của Hà Nội, Khách sạn Canary Hà Nội chỉ cách Sân bay Quốc tế Nội Bài 30 phút lái xe và có thể dễ dàng đi đến nhiều điểm tham quan nổi tiếng nhất của Hà Nội.','1','Số 15 Ngõ 19 - Liễu Giai, Liễu Giai, Ba Đình, Hà Nội','024 3823 3666','https://canaryhanoihotel.vn/introduction/?lang=en','7','12:00 AM - 12:00 AM'),
('78','3','Thế Giới Hải Sản','Thế Giới Hải Sản','Toàn bộ không gian Thế Giới Hải Sản 18 Dương Đình Nghệ nói riêng và hệ thống Nhà hàng Siêu thị Thế Giới Hải Sản nói chung được thiết kế thống nhất theo chủ đề “Đưa đại dương xanh vào nhà”, mang đậm hơi thở của biển. Kiến trúc độc đáo, xanh mát, khách hàng bước vào nhà hàng sẽ có cảm giác thư thái, sảng khoái như được du ngoạn trên những bãi biển thực sự.','1','18 Dương Đình Nghệ, quận Cầu Giấy','090 461 0626','https://thegioihaisan.vn/en/','1','8:00 AM - 10:00 PM'),
('79','3','Pao Quán','Pao Quán','Có một nơi chốn như thế ở giữa lòng Hà Nội, ngay trên con phố tấp nập ồn ào Trần Thái Tông, Cầu Giấy. Tây Bắc là món quà vô giá thiên nhiên ban tặng cho đất nước Việt Nam, tôi có thể tin chắc rằng, vùng đất ấy đủ sức làm say mê tất cả những ai đã một lần đặt chân đến đó.
Giữa lòng Hà Nội, nếu bạn thèm phong vị Tây Bắc, hãy đến thưởng thức mồi chuẩn, rượu ngon ở Pao Quán và cảm nhận sự ấm áp, giản dị, chân thành của những con người nơi đây. Và ắt hẳn, rồi bạn cũng sẽ như tôi, bị mê văn hóa ẩm thực nơi đây, mê Pao Quán – Tây Bắc giữa lòng Hà Nội…','1','Ngõ 62 Trần Thái Tông, Dịch Vọng Hậu, Cầu Giấy, Hà Nội','098 255 89 46','http://paoquan.vn/','2','9:00 AM - 9:00 PM'),
('80','3','Quán Quẩy Béo','Quán Quẩy Béo','Quẩy Béo chuyên phục vụ quẩy nóng các loại. Cho mua về và bán ăn tại chỗ.
Quán có bàn ngoài trời, rộng rãi, thoáng mát. Có chỗ gửi xe miễn phí.
Quầy giòn, thơm được làm từ bột chất lượng tốt. Có nhiều gia vị đi kèm.','1','431 Nguyễn Khang, Yên Hoà, Cầu Giấy, Hà Nội','091 913 06 05','https://www.facebook.com/Quaybeo431.nguyenkhang/','3','9:00 AM - 9:00 PM'),
('81','3','Café Noble Moment','Café Noble Moment','Noble Moment Cafe là quán cà phê do một cặp vợ chồng người Hàn Quốc mở ra. Quán nằm trong một ngôi nhà được xây dựng theo kiến trúc Pháp, bình yên, tĩnh lặng, rợp bóng cây xanh. Đến với Noble Moment Cafe, bạn sẽ được thưởng thức các món ăn nhẹ, đồ uống và bingsu theo phong cách Hàn Quốc.','1','A51, Phố Hoàng Ngân, Trung Hoà, quận Cầu Giấy, Hà Nội','024 6686 5935','https://www.facebook.com/NobleMomentCafe/','4','9:00 AM - 10:00 PM'),
('82','3','Công viên Cầu Giấy','Công viên Cầu Giấy','Công viên Cầu Giấy là công viên vui chơi giải trí dành cho du khách đến nội thành tại Cầu Giấy. Đây là công trình xanh ra đời góp phần giảm thiểu ô nhiễm, tạo không gian xanh quý giá cho cư dân Cầu Giấy nói riêng và Hà Nội nói chung. Khu công viên sát hồ với nhiều ghế dài và cây xanh: Đây là một điểm đẹp để mọi người nghỉ ngơi, và nhiều người thưởng ngoạn vẻ đẹp thiên nhiên trong lành giữa lòng thủ đô của cảnh đẹp Quận Cầu Giấy này.','1','P. Duy Tân, Dịch Vọng, Cầu Giấy, Hà Nội',null,'https://www.facebook.com/cvcaugiay/','6',null),
('83','3','Chùa Hà','Chùa Hà','Chùa Hà là một địa điểm check-in Cầu Giấy được chia thành các khu, mỗi khu đều có bàn thờ Phật và Thánh Mẫu riêng. Ngôi chùa này hiện nay thờ các vị thần Phật như Ông, Đức Thánh hiền, chư Phật và Thánh Mẫu. Nếu thành tâm cầu nguyện những vị thần này, người ta cho rằng họ sẽ ban cho sự thanh thản, thuận lợi và tình yêu trọn vẹn. Cảnh đẹp Quận Cầu Giấy này được nhiều người biết đến như một địa điểm cầu may rất hiệu quả ở Hà Nội.
Người Hà Nội thường truyền tai nhau rằng, muốn cầu công danh, thịnh vượng thì hãy đến lễ phủ Tây Hồ còn muốn cầu bình an thì đến chùa Trấn Quốc và nếu bạn muốn cầu tình duyên thì hãy đến cảnh đẹp Quận Cầu Giấy.','1','86 phố Chùa Hà, phường Dịch Vọng, quận Cầu Giấy, Hà Nội',null,null,'5',null),
('84','3','New Century Hotel','New Century Hotel','New Century Hotel là khách sạn đạt tiêu chuẩn 3 sao nằm ở trung tâm quận Cầu Giấy, thành phố Hà Nội. Khách sạn được thiết kế hiện đại, trang nhã với hơn 40 phòng, cùng hệ thống dịch vụ hiện đại, phong cách phục vụ chu đáo, chuyên nghiệp sẽ đem đến cho bạn cảm giác gần gũi, thoải mái và yên tâm với sự lựa chọn của mình. Vị trí vàng trung tâm quận Cầu giấy là không sai khi chọn New Century Hotel – chỉ vài bước chân là tới các khu văn phòng, khu vui chơi giải trí, thậm chí là hòa mình với thiên nhiên mỗi sáng thức dậy đều rất tuyệt. Với giao thông thuận tiện, ngay sát các bên xe buýt, đường xe 2 chiều đi lại, dừng đỗ dễ dàng, thậm chí bạn chỉ mất 30 phút để có thể đến và đi từ sân bay quốc tế Nội Bài bằng xe buýt/taxi','1','4 P. Khúc Thừa Dụ, Dịch Vọng, Cầu Giấy, Hà Nội','0826 241 296','https://newcenturyhotel.net/','7','12:00 AM - 12:00 AM'),
('85','7','Nhà hàng Hà Nội Xưa','Nhà hàng Hà Nội Xưa','Ẩm thực của nhà hàng đa dạng, phong phú từ đặc sản, hải sản, đến những món dân gian truyền thống. Mỗi món ăn đều mang một hương vị đặc trưng riêng biệt. Hơn thế, ẩm thực của nhà hàng Hà Nội xưa này còn kế thừa những giá trị truyền thống của ẩm thực Việt trong việc đã khéo léo sử dụng những loại gia vị tẩm ướp, khơi dậy được hương vị nguyên thủy của món ăn.
Đến với nhà hàng bạn sẽ được hòa mình trải nghiệm với không gian rất tinh hoa của ẩm thực 3 miền như bò bóp răm, lẩu vịt om sấu, tai lợn muối cay và còn rất nhiều món ăn dân gian độc đáo khác.','1','35 Đào Duy Từ, Hàng Buồm, Hoàn Kiếm, Hà Nội','094 674 70 88','https://www.facebook.com/nhahanghanoixua.hoangngan/','1','9:00 AM - 10:00 PM'),
('86','7','Cơm Sườn Đào Duy Từ','Cơm Sườn Đào Duy Từ','Nhắc đến những món ăn “nhất định phải thử” khi đến Hà Nội không thể bỏ qua cơm sườn Đào Duy Từ ngon nức tiếng gần xa.
Từ một quán ăn nhỏ nhỏ trên phố Đào Duy Từ đến nay quán ăn trờ thành thương hiệu nổi tiếng với rất nhiều cơ sở to đẹp hoành tráng ở Hà Nội và các tỉnh khác.','1','47 Đào Duy Từ, Hàng Buồm, Hoàn Kiếm, Hà Nội','090 411 35 53','https://www.facebook.com/comsuondaoduytu/','2','9:00 AM - 10:00 PM'),
('87','7','Cửa Hàng Nem Chua Rán - 36','Cửa Hàng Nem Chua Rán - 36','Nem khi rán lên chín vừa phải, không bị ngấy mỡ ăn, lại giòn giòn chứ không bị dính như nem rán các nơi khác. Ngoài nem rán, quán còn phục vụ cả khoai tây chiên bơ tỏi, chấm với xì dầu thì ngon hết xảy.
Mỗi một quán ở trong ngõ, quán nào quán nấy đều nhỏ xíu, ghế ngồi chỉ là những chiếc ghế nhựa con xếp thành một hàng dọc. Tuy hơi chật chội, khó chịu về chỗ ngồi một chút nhưng có như thế, bạn mới "nếm" được hết cái vị của kiểu ăn vặt trên đường phố này.','1','36 Ng. Tạm Thương, Hàng Gai, Hoàn Kiếm, Hà Nội','024 3828 5322','https://www.facebook.com/nemchuaran36tamthuong/','3','9:00 AM - 10:00 PM'),
('88','7','Avalon Cafe Lounge','Avalon Cafe Lounge','Với vị trí đắc địa, Avalon Cafe Lounge có một mặt nhìn ra phố cổ, một mặt nhìn thẳng ra Hồ Gươm và cầu Thê Húc. Nơi đây luôn là quán nằm trong top những quán cafe được ưa thích nhất ở khu vực Hồ Gươm. Mỗi tầng của Avalon Cafe Lounge trang trí khác nhau nhưng khu vực được ưa thích nhất chính là sân thượng. Nơi bạn có thể ngắm trọn vẹn phố cổ. Sân thượng của Avalon Cafe Lounge còn được thiết kế theo phong cách sky-garden kiểu Châu Âu.
Bên cạnh góc view đẹp, đồ ăn, đồ uống của Avalon Cafe Lounge cũng khá đa dạng. Ngoài cafe, sinh tố, cocktail, quán còn có cơm, bánh trái mà theo nhận xét của nhiều người thì cách chế biến khá vừa miệng. Tuy nhiên, bởi vị trí đắc địa nên giá cả ở đây khá cao so với các quán cafe đẹp tại quận Hoàn Kiếm cùng mô hình có cả dịch vụ ăn lẫn uống.','1','73 Cầu Gỗ, Hàng Trống, Hoàn Kiếm, Hà Nội','024 3926 0801','https://www.facebook.com/avalon73caugo/','4','9:00 AM - 10:00 PM'),
('89','7','Hồ Hoàn Kiếm','Hồ Hoàn Kiếm','Hồ Hoàn Kiếm còn được gọi là Hồ Gươm là một hồ nước ngọt tự nhiên nằm ở trung tâm thành phố Hà Nội. Hồ có diện tích khoảng 12 ha[2]. Trước kia, hồ còn có các tên gọi là hồ Lục Thủy (vì nước có màu xanh quanh năm), hồ Thủy Quân (dùng để duyệt thủy binh), hồ Tả Vọng và Hữu Vọng (trong thời Lê mạt). Tên gọi Hoàn Kiếm xuất hiện vào đầu thế kỷ 15 gắn với truyền thuyết vua Lê Lợi trả gươm báu cho Rùa thần. Theo truyền thuyết, trong một lần vua Lê Lợi dạo chơi trên thuyền, bỗng một con rùa vàng nổi lên mặt nước đòi nhà vua trả thanh gươm mà Long Vương cho mượn để đánh đuổi quân Minh xâm lược. Nhà vua liền trả gươm cho rùa thần và rùa lặn xuống nước biến mất. Từ đó hồ được lấy tên là hồ Hoàn Kiếm. Tên hồ còn được lấy để đặt cho một quận trung tâm của Hà Nội (quận Hoàn Kiếm) và là hồ nước duy nhất của quận này cho đến ngày nay.','1','Quận Hoàn Kiếm, Hà Nội',null,null,'5',null),
('90','7','Phố bích họa Phùng Hưng','Phố bích họa Phùng Hưng','Phố bích họa Phùng Hưng là con phố nằm gần chợ Đồng Xuân và phố Hàng Đậu. Nơi đây thu hút khách du lịch bởi nó khiến cho nhiều liên tưởng đến làng Gamcheon (Hàn Quốc) - Nơi mà bích họa đường phố đã trở thành biểu trưng du lịch. 
Ở đây có tổng cộng 20 bức họa tái hiện những vòm cầu đá trăm tuổi tại Phùng Hưng với chiều dài thời gian mà nó đã khoác lên mình khiến cho người xem vô cùng hào hứng và trầm trồ. Những bức tranh bích hoạ về bách hóa tổng hợp, những người phụ nữ gánh hàng rong, tàu điện leng keng, ông đồ cho chữ trên các vòm cầu cũng là background check-in Hà Nội xịn xò của nhiều du khách. Tất cả bức tranh ở đây đều được vẽ trên nền gỗ bằng sơn và golden acrylics, có độ bền từ 5 đến 10 năm. Ban ngày phố đã “thơ” rồi mà tối đến đèn lồng được thắp sáng. Phố Phùng Hưng còn lung linh và ảo diệu hơn nhiều. Tất nhiên, không thể bỏ lỡ dịp đặc biệt này.','1','27b Phùng Hưng, Hàng Mã, Hoàn Kiếm, Hà Nội',null,null,'6',null),
('91','7','Khách sạn Hanoi La Siesta Hotel & Spa','Khách sạn Hanoi La Siesta Hotel & Spa','Hanoi La Siesta Hotel & Spa cung cấp các phòng và suite ấm cúng với Wi-Fi miễn phí ở thành phố Hà Nội cho du khách lựa chọn. Khách sạn này có nhà hàng riêng cũng như quầy lễ tân 24 giờ.
Khách sạn cách Cổng Phố Cổ 300 m đồng thời cách Đền Ngọc Sơn và Chợ Đồng Xuân 500 m. Sân bay Quốc tế Nội Bài cách đó 21 km.
Mỗi phòng nghỉ tại đây đều có truyền hình cáp màn hình phẳng, két an toàn, ấm đun nước điện và minibar. Khu vực tiếp khách và phòng tắm riêng với bồn tắm, vòi sen cùng máy sấy tóc cũng có trong phòng.
Du khách có thể sử dụng bàn đặt tour, dịch vụ đặt vé và sảnh khách chung. Nơi nghỉ này cũng có quầy bar.','1','94 P. Mã Mây, Hàng Buồm, Hoàn Kiếm, Hà Nội','024 3926 3641','https://lasiestahotels.vn/mamay/','7','12:00 AM - 12:00 AM'),
('92','10','Nhà hàng Hoa An Viên','Nhà hàng Hoa An Viên',' Với phong cách thiết kế chuyên nghiệp, Hoa An Viên đã góp phần tô điểm những ánh sáng lung linh vào bầu trời đêm Hà Nội. Những gian phòng rực rỡ ấm cúng nhưng cũng không kém phần sang trọng, phù hợp với mọi bữa tiệc của quý khách như tiệc chiêu đãi đối tác hay tiệc công ty , bàn bè hay gia đình....','1',' 95 Đ. Lê Đức Thọ, Nam Từ Liêm, Hà Nội','096 288 38 33','https://www.facebook.com/nhahanghoaanvien/','1','6:00 AM - 9:00 PM'),
('93','10','Seoul Garden','Seoul Garden','Ban đầu, Seoul Garden chỉ là một cửa hàng nhỏ phục vụ đồ nướng theo kiểu Hàn Quốc. Với niềm đam mê ẩm thực và khát vọng mang ẩm thực Hàn Quốc đến với thế giới, chàng đầu bếp tên Lee đã không ngừng phát triển nhà hàng với Phương châm ” Lấy chất lượng thực phẩm và dịch vụ làm đầu”. Ông luôn mong muốn đưa đến cho khách hàng những thực phẩm tốt nhất, ngon nhất và phong cách phục vụ có thể làm vừa lòng khách hàng khó tính nhất.
Seoul Garden ngày càng lớn mạnh và phát triển, ngày nay Seoul Garden đã trở thành một chuỗi nhà hàng buffet nướng và lẩu không khói lớn mạnh với gần 30 cửa hàng có mặt trên nhiều quốc gia như Malaysia, Indonesia, Singapore, Philippines và Việt Nam.
Khi đến Việt Nam, chuỗi nhà hàng Seoul Garden có thể khẳng định rằng phương châm từ bao nhiêu năm trước của Đầu bếp Lee vẫn được giữ nguyên, không thay đổi và không ngừng phát triển tốt hơn nữa.','1','TTTM The Garden, Tầng G, Mễ Trì, Nam Từ Liêm, Hà Nội','1900 234 546','www.facebook.com/SeoulGarden.VietNam/','2','11:00 AM - 10:00 PM'),
('94','10','Cháo trai & cháo sườn','Cháo trai & cháo sườn','Nổi tiếng ở khu ký túc xá đại học Hà Nội, nồi cháo trai và cháo sườn của cô chủ thân thiện này luôn tấp nập kẻ ra người vào, hết nồi cháo này lại sang nồi cháo khác.
Bát cháo ở đây nấu bằng hạt gạo, ninh đến chín nhừ, vừa mềm ngọt và lại không bị nát như khi nấu bằng bột gạo xay, thơm lừng mùi hương gạo mới và nước hầm xương ngọt lịm. Bát cháo đầy đặn, qua bàn tay khéo léo của cô chủ không quá đặc mà lại càng không loãng, cứ sánh mịn mà ngon khó cưỡng. Miếng sườn sụn giòn giòn sật sật, dải sườn chín mềm, hay miếng thịt trai dai dai xào đậm vị, cùng phần hành phi thơm lừng, thêm quả trứng vịt lộn béo ngậy, khiến bao thế hệ sinh viên nơi đây dù đi đâu cũng phải nhớ về.
Còn gì tuyệt vời hơn khi một ngày trời thu Hà Nội, gọi một bát cháo trai, cháo sườn, thêm hạt tiêu the the, một đĩa quẩy giòn tan, xì xụp vừa ăn vừa xuýt xoa khen ngợi? Hơn thế nữa, quán cháo này chủ yếu bán cho sinh viên nên giá cả cũng rất phải chăng. Bên cạnh cháo, quán cũng phục vụ cả bún đậu mẹt với đầy đủ đậu nóng, chả cốm, nem rán, chân giò,... cũng rất được lòng khách hàng.','1',' 5 Ngõ A8 TT Đại Học Hà Nội, Quận Nam Từ Liêm, Hà Nội','024 3972 1112',null,'3','6:00 AM - 9:00 PM'),
('95','10','Balzac Café','Balzac Café','Balzac cafe được decor theo phong cách châu âu sang xịn. Đây sẽ là một quán cà phê đẹp-độc- lạ ở Nam Từ Liêm, phù hợp cho ai thích chụp sang trọng trà chiều, cũng có những góc cầu thang hay tường siêu deep. Bên dưới quán còn sở hữu một hầm rất rộng, thuận tiện trong việc tổ chức event hay họp hành làm việc sẽ rất thích với dàn âm thanh, wifi, máy chiếu tốt.
Quán Cafe Quận Nam Từ Liêm có nhiều lựa chọn các loại thức uống khác nhau. Bạn có thể thử món đồ uống chanh hương berry, uống lạ mà ngon lắm chưa thấy quán nào có món này. Vẫn là nước chanh nhưng có thêm chút trà white tart vị berry. Vị chua thanh mà thơm lừng, màu lại hồng hồng đẹp mắt.','1','Vinhomes Green Bay, 29 Mộc Lan 6, Mễ Trì, Nam Từ Liêm, Hà Nội','032 732 6995','https://www.facebook.com/balzaccafe/','4','7:00 AM - 9:00 PM'),
('96','10','Chùa Mễ Trì Thượng','Chùa Mễ Trì Thượng','Chùa làng Mễ Trì Thượng có từ cuối thời Lê mạt, tên chữ Thiên Trúc Tự, còn gọi là chùa Tổ Quạ. Địa chỉ: phố Mễ Trì Thượng, phường Mễ Trì, quận Nam Từ Liêm, Hà Nội.
Xưa kia vùng Mễ Trì chủ yếu là đồng ruộng trũng, ven bờ đầm trước cổng làng có gò đất trông như con rùa đang bò từ dưới nước lên cạn, thế phong thủy phát đạt. Thời Lý, gò đất này được gọi là Quy Sơn (Núi Rùa). Mễ Trì lại có giống gạo tám thơm ngon được chọn để tiến vua, cho nên vua đã đặt tên là làng Mễ Trì (Ao Gạo). Đến đầu thời Nguyễn, dân cư càng đông đúc, Mễ Trì chia làm hai thôn Thượng và Hạ, thuộc tổng Dịch Vọng, huyện Từ Liêm, phủ Hoài Đức, tỉnh Hà Nội.
Chùa Mễ Trì Thượng được xây từ thời Lê mạt. Tương truyền có một vị sư pháp danh Quang Lộ Thích Đường, nhân đi qua đây thấy thế đất đẹp bèn xin làng cho lập chùa để xiển dương đạo Phật. Được dân ủng hộ, nhà sư đã tổ chức xây dựng và đặt tên chùa là Thiên Trúc Tự. Bản thân Quang Lộ Thích Đường được nhận về làm trụ trì ở đây; ngài vốn tu theo thiền phái Tào Động, dân gian quen gọi là sư Tổ Quạ.
Năm 2014, chùa Mễ Trì Thượng bắt đầu khởi công một cuộc đại trùng tu. Ngoài cổng tam quan đồ sộ xây hoàn toàn mới, những hạng mục khác như nguyệt hồ, phương đình, tam bảo, nhà Tổ và nhà Mẫu đều được tôn tạo và nâng cấp khang trang. Các cổ thụ cũng như kiến trúc cơ bản trước kia vẫn được bảo toàn.','1','Mễ Trì, Nam Từ Liêm, Hà Nội',null,null,'5',null),
('97','10','Làng hoa Tây Tựu','Làng hoa Tây Tựu','Làng hoa Tây Tựu là một trong những làng hoa nổi tiếng ở mảnh đất kinh kỳ và là nơi cung ứng hoa chủ yếu trong nội thành thủ đô Hà Nội. Làng hoa Tây Tựu có diện tích trồng hoa rộng lớn (khoảng 300 ha) và ngày càng phát triển thế mạnh nghề trồng hoa theo năm tháng, xây dựng được thương hiệu hoa Tây Tựu nức tiếng ở miền Bắc bộ. Làng hoa Tây Tựu cách trung tâm thủ đô khoảng 15 km, nằm trong địa phận quận Từ Liêm. Ghé thăm làng hoa Tây Tựu, bạn sẽ được được chiêm ngưỡng xứ sở muôn hoa thu nhỏ với hàng chục loại hoa nhiều màu sắc, hình dạng và kích thước đa dạng, phong phú. Trong đó, Tây Tựu nổi tiếng với các loại hoa cúc, hoa hồng, thạch thảo tím, hoa thược dược, hoa đồng tiền, hoa lay ơn và cả hoa violet, hoa ly, hoa loa kèn. nơi đây cũng là một địa điểm lý tưởng để bạn chụp ảnh. Những bức ảnh lung linh sắc màu hẳn sẽ là một kỷ niệm tuyệt vời của bạn và mọi người trong chuyến tham quan làng hoa Tây Tựu đấy! Và đừng quên xin phép những người dân nơi đây nhé! Ngoài ra, bạn hãy dành tặng cho mình và những người thân những bó hoa, chậu hoa thật đẹp được trồng ở chính làng hoa này !','1','Tây Tựu, Từ Liêm, Hà Nội','0856 331 111','https://www.facebook.com/langhoataytuu/','6',null),
('98','10','V-Studio Hotel Apartment 3','V-Studio Hotel Apartment 3','V-studio hotel apartment 3 là tòa nhà căn hộ dịch vụ khu vực Mỹ Đình. 
Các phòng đều được trang bị đầy đủ các trang thiết bị phục vụ sinh hoạt: tivi, tủ lạnh, điều hòa, giường tủ.....
Ngoài ra, các phòng đều có khu bếp nấu nướng với đầy đủ các dụng cụ nấu ăn.
Cùng với dịch vụ tiện ích như dọn phòng, giặt là.....chúng tôi hy vọng sẽ làm hài lòng tất cả quý khách.
Nằm tại khu trung tâm của Mỹ Đình, rất gần SVĐ Mỹ Đình, Trung tâm HNQG, các tòa nhà VP Keangnam, sudico, tòa nhà Sông Đà...
Xung quanh có nhiều dịch vụ tiện ích: nhà hàng, siêu thị, trung tâm mua sắm, khu vui chơi giải trí.....','1','16 ngõ 1, phố Đồng Me, phường Mễ Trì quận Nam Từ Liêm, Hà Nội','097 100 09 53','https://v-studio.com.vn/','7','12:00 AM - 12:00 AM');

INSERT INTO posts_image(`id`,`post_id`,`image`) 
VALUES 
('1','1','11.jpg'),
('2','1','12.jpg'),
('3','1','13.jpg'),
('4','2','21.jpg'),
('5','2','22.jpg'),
('6','2','23.jpg'),
('7','3','31.jpg'),
('8','3','32.jpg'),
('9','3','33.jpg'),
('10','4','41.jpg'),
('11','4','42.jpg'),
('12','4','43.jpg'),
('13','5','51.jpg'),
('14','5','51.jpg'),
('15','5','53.jpg'),
('16','6','61.jpeg'),
('17','6','62.jpg'),
('18','6','63.jpg'),
('19','7','71.jpg'),
('20','7','72.jpg'),
('21','7','73.jpg'),
('22','8','81.jpg'),
('23','8','82.jpg'),
('24','8','83.jpg'),
('25','9','91.jpg'),
('26','9','92.jpg'),
('27','9','93.jpg'),
('28','9','94.jpg'),
('29','10','101.jpg'),
('30','10','102.jpg'),
('31','10','103.jpg'),
('32','10','104.jpg'),
('33','11','111.jpg'),
('34','11','112.jpg'),
('35','11','113.jpg'),
('36','12','121.jpg'),
('37','12','122.jpg'),
('38','12','123.jpg'),
('39','13','131.jpg'),
('40','13','132.jpg'),
('41','13','133.jpg'),
('42','14','141.jpg'),
('43','14','142.jpg'),
('44','14','143.jpg'),
('45','15','151.png'),
('46','15','152.jpg'),
('47','15','153.jpg'),
('48','16','161.jpg'),
('49','16','162.jpg'),
('50','16','163.jpg'),
('51','17','171.jpg'),
('52','17','172.jpg'),
('53','17','173.jpg'),
('54','18','181.jpeg'),
('55','18','182.jpeg'),
('56','18','183.jpg'),
('57','19','191.jpg'),
('58','19','192.jpg'),
('59','19','193.jpg'),
('60','19','194.jpg'),
('61','20','201.jpg'),
('62','20','202.jpg'),
('63','20','203.jpg'),
('64','21','211.jpg'),
('65','21','212.jpg'),
('66','21','213.jpg'),
('67','22','221.jpg'),
('68','22','222.jpg'),
('69','22','223.jpg'),
('70','23','231.jpg'),
('71','23','232.jpg'),
('72','23','233.jpg'),
('73','24','241.jpg'),
('74','24','242.jpg'),
('75','24','243.jpg'),
('76','25','251.jpg'),
('77','25','252.jpg'),
('78','25','253.jpg'),
('79','26','261.jpg'),
('80','26','262.jpg'),
('81','26','263.jpg'),
('82','27','271.jpg'),
('83','27','272.jpg'),
('84','27','273.jpg'),
('85','28','281.jpg'),
('86','29','291.jpg'),
('87','29','292.jpg'),
('88','30','301.jpg'),
('89','30','302.jpg'),
('90','30','303.jpg'),
('91','30','304.jpg'),
('92','31','311.jpg'),
('93','31','312.jpg'),
('94','31','313.jpg'),
('95','32','321.jpg'),
('96','32','322.jpg'),
('97','32','323.jpg'),
('98','33','331.jpg'),
('99','33','332.jpg'),
('100','33','333.jpg'),
('101','34','341.jpg'),
('102','34','342.jpg'),
('103','34','343.jpg'),
('104','35','351.jpg'),
('105','35','352.jpg'),
('106','35','353.jpg'),
('107','36','361.jpg'),
('108','36','362.jpg'),
('109','37','371.jpg'),
('110','37','372.jpg'),
('111','37','373.jpg'),
('112','38','381.jpg'),
('113','38','382.jpg'),
('114','38','383.jpg'),
('115','39','391.jpg'),
('116','39','392.jpg'),
('117','39','393.jpg'),
('118','40','401.jpg'),
('119','40','402.jpg'),
('120','40','403.jpg'),
('121','41','411.jpg'),
('122','41','412.jpg'),
('123','41','413.jpg'),
('124','42','421.jpg'),
('125','42','422.jpg'),
('126','42','423.jpg'),
('127','43','431.jpg'),
('128','43','432.jpg'),
('129','43','433.jpg'),
('130','44','441.jpg'),
('131','44','442.jpg'),
('132','44','443.jpg'),
('133','44','444.jpg'),
('134','45','451.jpeg'),
('135','45','452.jpg'),
('136','45','453.jpg'),
('137','46','461.jpg'),
('138','46','462.jpg'),
('139','46','463.jpg'),
('140','46','464.jpg'),
('141','47','471.jpg'),
('142','47','472.jpg'),
('143','47','473.jpg'),
('144','48','481.jpg'),
('145','48','482.jpg'),
('146','48','483.jpg'),
('147','49','491.jpg'),
('148','49','492.jpg'),
('149','49','493.jpg'),
('150','50','501.jpg'),
('151','50','502.jpg'),
('152','50','503.jpg'),
('153','51','511.jpg'),
('154','51','512.jpg'),
('155','51','513.jpg'),
('156','51','514.jpg'),
('157','52','521.jpg'),
('158','52','522.jpg'),
('159','52','523.jpg'),
('160','52','524.jpg'),
('161','53','531.jpg'),
('162','53','532.jpg'),
('163','53','533.jpg'),
('164','53','534.jpg'),
('165','54','541.jpg'),
('166','54','542.jpg'),
('167','54','543.jpg'),
('168','55','551.jpg'),
('169','55','552.jpg'),
('170','55','553.jpg'),
('171','56','561.jpg'),
('172','56','562.jpg'),
('173','56','563.jpg'),
('174','56','564.jpg'),
('175','57','571.jpg'),
('176','57','572.jpg'),
('177','57','573.jpg'),
('178','57','574.jpeg'),
('179','58','581.jpg'),
('180','58','582.jpg'),
('181','58','583.jpg'),
('182','58','584.jpg'),
('183','59','591.jpg'),
('184','59','592.jpg'),
('185','59','593.jpg'),
('186','59','594.jpg'),
('187','60','601.jpg'),
('188','60','602.jpg'),
('189','60','603.jpg'),
('190','60','604.jpeg'),
('191','61','611.jpg'),
('192','61','612.jpg'),
('193','61','613.jpg'),
('194','62','621.jpg'),
('195','62','622.jpg'),
('196','62','623.jpg'),
('197','62','624.jpg'),
('198','63','631.jpg'),
('199','63','632.jpg'),
('200','63','633.jpg'),
('201','63','634.jpg'),
('202','64','641.jpg'),
('203','64','642.jpg'),
('204','64','643.jpg'),
('205','64','644.jpg'),
('206','65','651.jpg'),
('207','65','652.jpg'),
('208','65','653.jpg'),
('209','66','661.jpg'),
('210','66','662.jpg'),
('211','66','663.jpg'),
('212','67','671.jpg'),
('213','67','672.jpg'),
('214','67','673.jpg'),
('215','67','674.jpg'),
('216','68','681.jpg'),
('217','68','682.jpg'),
('218','68','683.jpg'),
('219','69','691.jpg'),
('220','69','692.jpg'),
('221','69','693.jpg'),
('222','69','694.jpg'),
('223','70','701.jpg'),
('224','70','702.jpg'),
('225','70','703.jpg'),
('226','70','704.jpg'),
('227','71','711.png'),
('228','71','712.jpg'),
('229','71','713.jpg'),
('230','71','714.jpg'),
('231','72','721.jpg'),
('232','72','722.jpg'),
('233','72','723.jpg'),
('234','73','731.JPG'),
('235','73','732.jpeg'),
('236','73','733.jpg'),
('237','73','734.jpg'),
('238','74','741.jpg'),
('239','74','742.jpg'),
('240','74','743.jpg'),
('241','75','751.jpg'),
('242','75','752.jpg'),
('243','75','753.jpg'),
('244','76','761.jpg'),
('245','76','762.jpg'),
('246','76','763.jpg'),
('247','76','764.jpg'),
('248','77','771.jpg'),
('249','77','772.jpg'),
('250','77','773.jpg'),
('251','77','774.jpg'),
('252','78','781.jpg'),
('253','78','782.jpg'),
('254','78','783.jpg'),
('255','79','791.jpeg'),
('256','79','792.png'),
('257','79','793.jpg'),
('258','80','801.jpeg'),
('259','80','802.jpg'),
('260','80','803.jpg'),
('261','81','811.jpg'),
('262','81','812.jpg'),
('263','81','813.jpg'),
('264','81','814.jpg'),
('265','82','821.jpg'),
('266','82','822.jpg'),
('267','82','823.jpg'),
('268','82','824.jpg'),
('269','83','831.jpg'),
('270','83','832.jpg'),
('271','83','833.jpg'),
('272','84','841.jpg'),
('273','84','842.jpg'),
('274','84','843.jpg'),
('275','84','844.jpg'),
('276','85','851.jpg'),
('277','85','852.jpg'),
('278','85','853.jpg'),
('279','85','854.png'),
('280','86','861.jpg'),
('281','86','862.jpeg'),
('282','86','863.jpg'),
('283','86','864.jpg'),
('284','87','871.jpg'),
('285','87','872.jpg'),
('286','87','873.jpg'),
('287','88','881.jpg'),
('288','88','882.jpg'),
('289','88','883.jpg'),
('290','88','884.jpg'),
('291','89','891.jpg'),
('292','89','892.jpg'),
('293','89','893.jpg'),
('294','89','894.jpg'),
('295','90','901.jpg'),
('296','90','902.jpg'),
('297','90','903.jpg'),
('298','90','904.jpg'),
('299','91','911.jpg'),
('300','91','912.jpg'),
('301','91','913.jpg'),
('302','91','914.jpg'),
('303','92','921.jpg'),
('304','92','922.jpg'),
('305','92','923.jpg'),
('306','92','924.jpg'),
('307','93','931.jpg'),
('308','93','932.jpg'),
('309','93','933.jpg'),
('310','93','934.jpg'),
('311','94','941.jpg'),
('312','94','942.jpg'),
('313','94','943.jpg'),
('314','94','944.jpg'),
('315','95','951.jpg'),
('316','95','952.jpg'),
('317','95','953.jpg'),
('318','95','961.jpg'),
('319','96','962.jpg'),
('320','96','963.jpg'),
('321','96','964.jpg'),
('322','97','971.png'),
('323','97','972.jpg'),
('324','97','973.jpg'),
('325','97','974.jpg'),
('326','98','981.jpg'),
('327','98','982.jpg'),
('328','98','983.jpg'),
('329','98','984.jpg');